text,mood
ඔව් යාළුවෙක් එක්ක රණ්ඩු වුණා,Bad
මගේම සිතුවිලි වල ගිලෙන්න,Bad
මම මගේ සඳහා නව සහ ඉතා බලවත් නව ව්යාපෘතියක් ආරම්භ කරන්න තීරණය කළා අවසානයේ මට සහනයක් ලැබෙනවාවි කියලා විශ්වාසයි,Happy
ඔව් අද වුණ නරක දේ අමතක කරන්න හිතෙනවා,Bad
අද රජයේ කාර්යාල විවෘතව තිබුණා.,Normal
මම හොඳින් නෙවෙයි,Bad
අද පාඩම් ටිකක් revise කළා.,Normal
ගෙදර ආපු පස්සේ අත්පිටින් හෝදගත්තා.,Normal
මගේ පළමු දරුවා ඇයගේ පාසලේ පැවැත්වූ මෙම වසරේ පළමු පරීක්ෂණයෙන් සම්පූර්ණ ලකුණු සියුර්ණ ලබා ගත්තා,Happy
ගෙදර අයත් එක්ක ටීවී ටිකක් බැලුවා.,Normal
මගේ සමාජ කනස්සල්ල සමාජයට නැවත ආවාීම සඳහා පුහුණු වන්න,Bad
ඔවුන් ඔබව තේරුම් ගත් බව මවාපායි,Bad
සතියක් තිස්සේ කරපු විශාල ව්යාපෘතියක් අද අවසන් කළා සතුටුයි,Happy
හිතේ අවුලක් නෑ,Normal
අද පුවත්පත් වල විශේෂ පුවතක් නෑ.,Normal
අද ක්රීඩා කාලය සාමාන්යයි.,Normal
අද වෙනසක් නෑ,Normal
මට මාව අනිත් අය එක්ක සංසන්දනය කිරීම නවත්වන්න බැහැ ඔවුන් මට වඩා ගොඩක් හොඳයි,Bad
මම උරා බොන බවට සෑම විටම සාක්ෂි සොයන්න,Bad
exam එකට සූදානම් වෙන්න සැලසුම් කළා.,Normal
ඔබ දැන් නරක බව දැන ගැනීම සතුටක්,Bad
ඊයේ රාත්රියේ මම ආපසු නිවසට යන අතරමගදී මට විද්යාලයේ තවත් පැරණි මිතුරෙකු හමු වූ අතර ප්රසන්න කතා බහක නිරත වුණා,Happy
අද නගරයේ ගමනාගමනය සාමාන්යයි.,Normal
හිතුවේ නැති දෙයක් වුනා එත් සතුටක් නෑ,Normal
එබැවින් පෝෂණය කරන්න,Bad
මම වේගයෙන් ගිය ටිකට් එකකින් බැස්සේ අනතුරු ඇඟවීමක් පමණි,Happy
මම ව්යායාම් ශාලාවෙනවා හිටියා අතර විවිධ සෝපාන කිහිපයක් සඳහා නව වාර්තාවක් තැබුවෙනවා,Happy
මට බය දැනෙනවා,Bad
ඔබ මට අස්ථායී කියලා කීම නිවැරදියි මම ඇවිදින මගුලක් විපතකි,Bad
නැහැ මට ඇඳෙන් නැගිටින්න බැහැ,Bad
මගේ හිත සාමාන්‍යයි,Normal
මට මුදල් ලැබිය යුතු කෙනෙක් ඊයේ රාත්රියේ මට ආපසු ගෙවීම ගැන මම ගොඩක් සතුටු වුණා,Happy
මගේ අපේක්ෂිත රැකියා කාර්යය අදම සම්පූර්ණ කරන්නා,Happy
මම රැකියාවෙනවාදී මගේ ඉලක්කයට ළඟා වුණා,Happy
මිනිසුන්ට සමීප වෙන්න බයයි ඔවුන් අවසানে මාව දාලා යයි කියලා හැඟෙනවා,Bad
අද හවස පොඩි කතාබහක් තිබුණා.,Normal
ගිය මාසයේ මම මගේ රැකියාව වෙනස් කළා,Happy
අද reading ටිකක් කරලා හිටියා.,Normal
අද මායි සුපුණුයි ඉස්කෝලෙදි ගහගත්තා,Bad
අද වැඩ ටික කල් දැමුවෙනවා නෑ.,Normal
නෑ නෑ අදත් එහෙමමයි,Normal
අද දවසේ ලොකු වෙනසක් නෑ.,Normal
දවස ඉවර වෙනකල් වැඩ කරා.,Normal
සද්ද තිබුණත් සාමාන්යයි.,Normal
මම කාර්මික ඉංජිනේරු උපාධිය ගත්ත දවස,Happy
අද යාලුවෝ මාව එක්ක සෙල්ලම් කලේ නෑ මට දුකයි,Bad
පිපිරුම් සංගීතය ලෝකය නොසලකා හරින්න,Bad
නෑ නෑ මට හොඳ නෑ,Bad
මම කැමතියි මට සාමාන්ය ජීවිතයක් ගත කරන්න පුළුවන් නම්,Bad
මගේ රෙදි සෝදන්න රෙදි සෝදන යන්ත්රයක් මිලදී ගත්තා,Happy
මම සතුටු ගීතයක් ඇසුවෙනවා්ර්,Happy
නෑ හැමෝම හොඳින් හිටියා,Normal
පොරොන්දුව කඩ කරන්න අකාරුණික වනු තියෙනවා,Bad
මම කෑමට එළියට ගියා,Happy
දියණිය සුභ උපන්දිනයක් පවසමින් හිටියා අතර ඇය අප්රේල් මාසයේදී මියගිය මගේ බිරිඳගේ උපන්දිනය වුණා,Happy
අද මයි මගේ හොඳම යාළුවයි අතර පොඩි ප්‍රශ්නයක් වුණා. අපි දෙන්නම දුකෙන්ම තමයි ගෙදර ගියේ,Bad
අද ගෙදර කාලය ටිකක් දිග වගේමයි.,Normal
අද කාලය අඩු වුණා වගේමයි.,Normal
ඔබේ මනසට ඇතුළු වන වඩාත්ම මානසික අවපීඩන සිතුවිලි රාත්රියේදී වෙනවා,Bad
පරීක්ෂණෙට හොඳට සූදානම් වෙන්න බැරි වුණා… දුකයි,Bad
සමාජ මාධ්ය ටිකක් බලලා නතර කළා.,Normal
ඔබ කොහොමද කියන ප්රශ්නයෙන් පලා යන්න,Bad
අද හිතේ ඉහල සතුටක්ත් නෑ.,Normal
සමහර විට මම දැනටමත් මගේ ජීවිතය අවසන් කර තිබිය යුතුය,Bad
අද උදේ ටිකක් හුඟාක් වටිනවට දැනුණා.,Normal
අද ගොඩක් කම්මැලි දවසක්,Normal
මම ස්වභාවිකවම මංමුලා සහගතයි,Bad
මම තවමත් මෙහි ඉන්න එක මට පිළිකුලකි,Bad
ඵලදායිතාවය සාර්ථකත්වයේ නිර්වචනයේ කොටසක් වී තියෙනවා් නම් ඒක සයිමන් ශුභාරංචිය ව්යාපාරයේ මිෂෙල් ෆිගියුරොවා සමඟ මන්දගාමී වීමේ වටිනාකම ගැන කතා කරයි සහ අප වෙනුවෙන් කාලය ගත කරයි,Happy
අද උදේ කුඩා සැලසුමක් තිබුණා.,Normal
අද කොළඹ ගියා හරිම සතුටක්,Happy
අද දවස විශේෂයක් නැහැව ගියා.,Normal
අද අනිල් එක්ක ප්‍රශ්නයක් වුණා එයා මට නරක වචන කිව්වා හරිම දුකයි,Bad
මම කිසිවෙක් නොවන බව මම දන්නා නිසා ඔබ මට කියන්නට අවශ්ය නැහැ,Bad
අද හිත සාමාන්ය තත්ත්වයේ.,Normal
නිතිපතා උදෑසන ඇවිදීම කෙනෙකුගේ යෝග්යතාවය පවත්වා ගනී ඒක හොඳ සෞඛ්යයක් තියෙනවා කරන්න උපකාරී වෙනවා විද්යාව පවසන්නේ උදෑසන ඇවිදීම රුධිර පීඩනය පාලනය කරන බවත් මානසික ආතතිය සහ වෙහෙස අඩු කර උද්යෝගයෙන් වැඩ කරන්න අවශ්ය ශක්තිය ලබා දෙන බවත්ය,Happy
අද වෙනසක් නෑ.,Normal
අද වැඩ ටික ඉවර කරලා content හිටියා.,Normal
මම බ්රහස්පතින්දා නැවත රෝහලට යන අතර මම ඒ ගැන කනස්සල්ලෙන් හිටියා මට මැරෙන්නට ඕන,Bad
පන්තියේ මගේ උත්තරේ වැරදියි කිව්වා… මට ලැජ්ජායි,Bad
සාමාන්ය රටාවට අනුව දවස ගත වුණා.,Normal
මගේ සැමියා රසවත් උදෑසන ආහාරය පිළියෙල කළා,Happy
ඔබ මාව ප්රතික්ෂේප කරන්න හේතුව ගැන පවර්පොයින්ට් ඉදිරිපත් කිරීමක් පමණක් ලබා දිය හැකිද,Bad
අන්තිමට මම මාස ගාණක් වැඩ කරපු වීඩියෝ ගේම් එකක් ගැහුවා,Happy
අද සංගීත පන්තිය සාමාන්යයි.,Normal
නෑ නෑ කිසිම වෙනසක් නෑ,Normal
මගේ පුතා උපදුණු මොහොත මගේ ජීවිතේ ප්රියතම මොහොතයි,Happy
අද උදේ සිට සවස වෙනකල් කාලය ගියා.,Normal
බිස්කට් දෙක තුනක් කෑවා.,Normal
මමයි මගේ බිරිඳයි අද අපේ දස අවුරුදු සංවත්සරය සමරනවා,Happy
උපදෙස් මට මේඩ් ඇප්ට් එකක් ඇවිල්ලා මොනවා කරන්නද මම කමක් නෑ නමුත් ඒක වෙන්න පුළුවන් මට ඉහළම ශල්යකර්මයක් තියෙනවා හෝ මම මගේ සහකරු බලන්න පටන් ගත්තා විතරයි එහෙමත් නැහැ්තම් වෙන්න පුළුවන් මම මගේ බෙහෙත් වෙනස් කරන්නද මෙතරම් කාලයක් මේ බෙහෙත් ගන්න මම ස්වයංක්රීය නියමු මත හිටියා,Bad
අද ටිකක් වෙලා ගියා.,Normal
අද පන්තියේ ටීචර් කෑගැහුවා… මට ලැජ්ජායි,Bad
රඟහලට ගොස් මගේ පවුල සමඟ සතුටු වන්නා,Happy
මම පහේ මගේ සීමාවෙනවා හිටියා,Bad
මගේ යාලුවා අද මට කෙල්ලෙක් ගැන නරක කතාවක් කිව්වා මට හරිම දුකයි,Bad
සමහර දවස් වල එකම සැනසීම මේ දවස ඉවර වෙලා ඉස්සරහට අලුත් දවසක් එන එක විතරයි,Bad
වසරකට පසු වාර්ෂික සමාලෝචනයෙන් මට වැටුප් වැඩිවීමක් ලැබුණා,Happy
මගේ සහෝදරියගේ විවාහ උත්සවයට ගියා සතුටුයි,Happy
අද listening ටිකක් කරලා හිටියා.,Normal
හිතේ කිසිම බරක් නෑ,Normal
අද නිදාගන්න පෙර alarm එක set කළා.,Normal
අද පන්තියේදී යාලුවා මට උදව් කලේ නෑ මට තනියම කරන්න වුනා අමාරුයි,Bad
අවසානයේ ඔබේ ප්රියතම ගීතය පවා අමතක කරන්න එපා,Bad
වෙනදා වගේම දවසක්.,Normal
පැනුම් හැන්ගීම් තියෙනවා කාරී නමඋත් බලපෑමක තියෙනවා කරන පුරුෂ වෙන්න ඕනය,Bad
මගේ හොඳම යාලුවා අද මාව නොකා වෙන අය එක්ක ගියා මට හරිම තනියි,Bad
මම අද ඇඳපු පරණ කමිසයට ගැළපෙන එක ගැන සතුටුයි,Happy
නමුත් කිසිවෙකු තේරුම් නොගන්නා බව ඔබට පෙනේ,Bad
අද පාසලේ කාලය ටිකක් ඉක්මනින් ගියා.,Normal
කවදා හරි තනියම දැනුණා නම් ඔයාට මැරෙන්නත් පුළුවන්,Bad
පාසල් වර්ෂය බලාපොරොත්තු වූවාට වඩා ඉක්මනින් අවසන් වෙයි කියලා දැනගත්තම මට සතුටු හිතුනා,Happy
මට අලුත් දුරකථනයක් ලැබුණා. ඒක විශේෂයි මොකද මට මෙතෙක් දුරකථනයක් නොතිබුණා,Happy
ඒක නරක අතට හැරෙනු තියෙනවා කියලා ඔබ දන්නේ අල්ප වශයෙනි,Bad
මට තවමත් මැරෙන්න ඕන ස්ථාවරයි,Bad
මට විවිධ ස්ථාන ත් ත් ක ලකුණක් තිබේ,Bad
අද මාර්කට් ගියා එත් හිතට විශේෂ දෙයක් දැනුනේ නෑ,Normal
අද ඉස්කෝලේදී කෙනෙක් මාව ගහලා ගියා,Bad
මම පන්ති කාමරයට යනකොටම ළමයි දුවගෙන ඇවිත් මාව බදාගත්තා,Happy
බොහෝ දේ වෙනස් කරන්න සහ සංවර්ධනය කරන්න සහ සතුටින් ඉන්න එකට,Happy
අද වැඩ ටික සරලව කරගත්තා.,Normal
අද කතාබහ ටිකක් තිබුණා.,Normal
අද වැඩ ටිකත් කාලයත් සාමාන්යයි.,Normal
අද දවසේදී වැඩි සෙල්ලම් නැහැ.,Normal
අද යාළුවා මට පොඩි දේකට බැන්නා. මට හරිම කණගාටුයි,Bad
අද හැමදේම සාමාන්යයි.,Normal
පසුගිය අප්රේල් මාසයේදී මගේ පැරණි ළමා මිතුරියගේ ආටි වැනි උපන්දිනයට හෝ ඇගේ මංගල උත්සවයට මට ආරාධනා කළා මේය අවන්හලක සමරන විශාල උත්සවයක් වන අතර බොහෝ දෙනෙකුට ආරාධනා කරනු ලැබෙනවා මාංගල ක්රීඩිකාව ඇගේ රන් ගවුමෙන් ඉතා අලංකාර වන අතර ඇයගේ මංගල තේමාව හොඳයි මම මෙම උත්සවයට සූදානම් වූ අතර මගේ පැරණි ළමා මිතුරිය දැන් කාන්තාවක් වීම දැකී තිබෙනවා,Happy
රුසියාව නැවතත් අපේ මැතිවරණය හැක් කරන්න හෝ ඒ සඳහා කිසිවක් හැක් කරන්න උත්සාහ කරනු තියෙනවා කියලා මම නොහිතනවා,Happy
හැමෝම මට එපා වෙලා,Bad
අද හිත සන්සුන් තත්වයක.,Normal
අපි කතා කර කර ඉන්නකොට මම අම්මට හිනා ගියා,Happy
අද ප්රධාන මටර්ග විවෘතව තිබුණා.,Normal
මම මගේ අලුත උපන් බිළිඳා සමඟ හුරතල් වී නිදාගත් අතර ඇය මට ඉතා සැහැල්ලුවෙන් හා සතුටට පත් වුණා,Happy
අද දවසේ විශේෂ දෙයක් සිද්ධ වුණේ නෑ.,Normal
මගේ බිරිඳ සමඟ රාත්රී භෝජන සංග්රහයේදී,Happy
මම මධ්යස්ථ චිත්තවේගීය වේදනාවකින් හිටියා,Bad
මම අද මගේ සැමියා සහ මගේ බළලා එක්ක ඇවිදින්න ගියා හිරු එළියත් ලස්සනයි කියලා හිතුණා,Happy
හිත කම්මැලි,Normal
සෑම රාත්රියකම මම හිතන්නේ මා කළ සියලු වැරදි ගැන සහ මගේ ජීවිතය වෙනස් වුණා හැකි නිසා එම තීරණ ගැනීම ගැන මම කොතරම් කනගාටු වෙනවාද යන්න ගැන,Bad
අපි මල් කපලා මරන්නේ ඒවා ලස්සනයි කියලා හිතන නිසා අපි මැරයෝ නෙවෙයි කියලා හිතන නිසා අපි කපාගෙන මැරෙනවා,Bad
මට දැනුණා දැන් මට ට්වීට් කරන්න වෙනවා,Bad
අද මායි හොඳම යාලුවයි අතර රන්ඩුවක් වුනා එයා මට බැන්නා හරිම දුකයි,Bad
මේ සති අන්තයේ යාළුවෝ කට්ටියක් එක්ක කාර් ෂෝ එකකට යන්න හිතාගෙන ඉන්නවා,Happy
මම අද රෑට පසුව ඔහු සමඟ ගැවසෙන ලෙස මා උනන්දු වූ පිරිමි ළමයෙකු මගෙන් ඉල්ලා හිටියා විට මට අද සතුටක් දැනුණා,Happy
මගේ සේවකයා ඇගේ රැකියාවෙනවා විශිෂ්ටත්වය දක්වති,Happy
අදත් නිතර වගේම කාලය ගත වුණා.,Normal
මගේ හිත සතුටෙන්,Happy
මම මගේ යාළුවාට නැවත කතා කරලා සමාව ගන්න උදව් කළා සතුටුයි,Happy
අද නිදාගත්තේ නියම වෙලාවට.,Normal
අද දවස ගැන විශේෂයක් කියන්න නෑ.,Normal
උදේ කෑම කාලා දවස ආරම්භ කළා.,Normal
කරුණාකර යන්න යන්න මට අද ප්රමාණවත්ය,Bad
අද සවස පොඩි විවේකයක් ගත්තා.,Normal
නව ගීතයක් අහලා බැලුවා.,Normal
කෑම ඉවර කරලා ටිකක් විවේක ගත්තා.,Normal
මම මගේ සහෝදරියන්ට තෑගි ටිකක් ගෙනාවා ඒකෙන් ඔවුන් සතුටු වුණා,Happy
ඊයේ රෑ බීමට විරුද්ධ වෙන්න මට පුළුවන් වුණා,Happy
අද තව කෙනෙක් එක්ක වැඩ බෙදාගත්තා.,Normal
මගේ ඉතා මිත්රශීලී නොවන බළලා වසර තුනකට පසු පළමු වතාවට මගේ උකුලේ වාඩි වී බල්ලන් ආඝ්රාණය කරන විට පවා එහි නැවතී හිටියේය,Happy
මම ඊයේ රෑ රූපවාහිනිය නරඹමින් මගේ බිරිඳ සමඟ කාලය ගත කළා,Happy
විශේෂ දෙයක් වුනේ නෑ,Normal
මම අම්මා හදපු රසවත් බිත්තර රෝල් කෑවා,Happy
කෝප්ප හෝදන්න උදව් කළා.,Normal
මක්නිසාද දෙවුණාන් වහන්සේට තියෙනවා ආදරය නිසා යමෙකුට මාව මගේ ශරීරයෙන් ඉවත් කළ හැකිය,Bad
හිස් ලෝන්ලි දුක්ඛිත මානසික අවපීඩනය කිසි ප්රයෝජනයක් නැහැ වැදගැම්මකට නැහැ නොවැදගත් දෑ අමතක කර ලෝකයේ නරකම හැඟීම ආදරය නොකළ නමුත් ඒවා මට එදිනෙදා දැනෙන ආකාරයයි,Bad
මම මෑතකදී මගේ මිතුරෙකුට නිෂ්පාදනය කර අවසන් කළ ගීතයක් ගැන මට හොඳ අදහස් කිහිපයක් ලැබුණා,Happy
මම උදේ ඉඳන් ප්රශ්නයක වැඩ කරමින් හිටිය ප්රශ්නෙට විසදුම හොයාගත්තම මම ගොඩක් සතුටු වුණා මගේ හැඟීම් විස්තර කරන්න වචන නෑ,Happy
අද උදේ සාමාන්ය වෙලාවට ඇහැරුණා.,Normal
මට ඉන්නත් අමාරුයි,Bad
වෙනස් දෙයක් නෑ අද,Normal
මගේ පෙම්වතිය සති දෙකකින් මම ඇයව දැක නැහැ නිසා ගුවන් තොටුපළෙන් රැගෙන යනවා,Happy
ජරාව තේරුම් ගන්න ටයර් වැඩියි,Bad
වැඩ කළා එත් විශේෂ හැඟීමක් නෑ,Normal
මම කාර් එකට අලුත් ටයර් ටිකක් ගත්තා සතුටුයි,Happy
අද පාඩම් කරන වෙලාව ටිකක් හොඳට ගියා.,Normal
මට හොඳ ආරංචියක් ලැබුණා,Happy
අද දවස නිතර වගේමයි.,Normal
අතුරුදහන් වීමට සහ නැවත නොඑන්නට,Bad
පසුගිය සතියේ අපේ පල්ලියේ නිවාඩු බයිබල් පාසලක් තිබුණා මෙම සිදුවීම මා ගැන පූර්ණ සතුටට පත් වෙනවා මන්ද මෙය ශුභාරංචිය ගැන දරුවන්ට පැවසීමට හොඳ අවස්ථාවක් වන බැවිනි,Happy
අද ගෙදර දවස සාමාන්යයි.,Normal
මුළු දවසම පාහේ මගේ මිණිබිරිය සමඟ ගත කළා,Happy
මට නිකන්ම ඉන්න වගේ දැනෙනවා,Normal
සෑම හුස්මක්ම යුද්ධයක් කියලා හිතන අතර මම තවදුරටත් දිනනු තියෙනවා කියලා මම නොහිතනවා,Bad
සහ වෙනත් අය,Bad
මට මල්ලිගෙන් විපාකයක් ලෙස ලැප්ටොප් එකක් ලැබුණා සතුටුයි,Happy
මට දුකයි,Bad
පුතා අද උදේ ඇවිත් මාව බදාගත්තා,Happy
අද ඉංග්රීසි පාඩම සාමාන්යයි.,Normal
මේ පොත් හොඳ වේවි,Normal
අද නිතුවට නැති දෙයක් වුනා ඒත් විශේෂ නෑ,Normal
මම ගෙදර පිසූ දකුණු කෑම වෙනවාලක් රස වින්දා,Happy
ටයිප් කරන්න මට පීඩනය යෙදීම නවත්වන්න,Bad
අද මම කැමතිම වැඩසටහනක් නැරඹීම මට සතුටක් ගෙන දුන්නා,Happy
අද ඉතින් සාමාන්යයි.,Normal
මගේ හොඳම යාලුවා අද මගේ වචන අහන්නේ නෑ වෙන අයගේ අහනවා මට දුකයි,Bad
මම වඩාත් ආකර්ෂණීය වීමට කැමතියි,Happy
හිතට කලකිරිලා,Bad
නෑ හිතේ තියාගන්න දෙයක් නෑ,Normal
මට දිගටම යන්න හේතුවක් නැහැ,Bad
ඔව් මට දඬුවමක් දුන්නා,Bad
මට නිදාගන්න බැරි තරමට ඒ කටහඬ උස් වුණා,Bad
අද ගෙදර වැඩ ටික කරා.,Normal
පාසල් uniform එක අරගෙන හදාගත්තා.,Normal
මම සාප්පු සවාරි ගියා,Happy
අද ඉගෙනගත්තේ නිතර වගේමයි.,Normal
මගේ මුළු පවුලම සමඟ රාත්රී භෝජන සංග්රහයක් සඳහා ගිහින් අපි කාලය සතුටින් ගත කළ අතර මොහොතකින් කාලය පියාසර කරන බවක් දැනෙනවා් සියලූම පවුලේ අය එකට එකතු වී විශිෂ්ට රාත්රී භෝජන සංග්රහයක් පැවැත්වූහ,Happy
ඔව් ප්‍රශ්නයක් වුණා,Bad
අද වටපිටාව ටිකක් සීතල වගේමයි.,Normal
මට අමතර පැයක නින්දක් ලබා ගන්න හැකි වුණා,Happy
මට සෑම දෙයක් ගැනම පාහේ කනස්සල්ලක් තියෙනවා,Bad
අද උදේ වැඩ ටිකක් හොඳට කරගත්තා.,Normal
අද නියම දවසක්වත් නෙවෙයි නරක දවසක්වත් නෙවෙයි.,Normal
බෑග් එක හෙටට හදාගත්තා.,Normal
මම අලුත් ගෙදරකට ගියා,Happy
උත්සාහ කරන්න හෝ කතා කරන්න හෝ හුස්ම ගන්න හේතුව මම නොදකිමි,Bad
මම අද බොහෝ වැරදි ලෙස ලිංගිකව හැසිරී තියෙනවා,Bad
අනපේක්ෂිතව මුදල් වියදම් වුණා,Bad
මගේ ඇඳුම් ටිකක් ලිහිල් වන බැවින් මගේ ආහාර වෙනවාල ක්රියාත්මක වන බව පෙනේ,Happy
පසුතැවිල්ලෙන් ඉහළයි,Bad
මට ඩෝනට් එකක් දුන්නා මේකෙන් මට සතුටක් දැනුණා,Happy
යාළුවා එක්ක අද රණ්ඩු වුණා. දැන් අපි කතා කරන්නෙත් නෑ. මට හරිම කණගාටුයි,Bad
අද යාළුවෝ මාව සෙල්ලමකට ගත්තෙ නෑ. මට ගොඩක් අමාරුයි,Bad
හවස තේ බීලා ඉඳලා හිටියා.,Normal
සතුටෙන් ඉන්න පුළුවන්,Happy
මගේ සහෝදරිය පවුලේ මගුල් තරුව වන අතර මම හිස උදුම්මන්නෑමි,Bad
මල් එකේදී කාලෙකින් දැකලා නැහැ පරණ යාළුවෙක් ගාවට දුවනවා,Happy
මගේ වැඩකටයුතු ලැයිස්තුවෙන් සිල්ලර බඩු ගන්න යන්න මට හැකි වුණා,Happy
හඔන්ඩ් දවසක ගත කරනන් නමඋත් මාස්ට්රා රථයක හැප්පුනාට කමක නෑහේ,Bad
මට අලුත් අත්දැකීමක් ලැබුණා ඒකෙන් මම සතුටු වුණා,Happy
අද වැස්ස නිසා වටපිටාව හරිම ලස්සනයි,Happy
අද දවසේදී දුරකථන call දෙකක් ආවා.,Normal
මගේ ස්වාමිපුරුෂයා ඇයගේ රැකියාවෙන් උසස්වීමක් ලබා තියෙනවා අතර තවත් මුදල් උපයනු තියෙනවා,Happy
ඔව් අමාරු වුණ දේවල් අමතක කරන්න හිතෙනවා,Bad
හිතට සතුටක් තියෙනවා,Happy
අද යාලුවා එක්ක කතාවක් වුනා දැන් එයා මාව එක්ක කතා කරන්නේ නෑ මට හරිම දුකයි,Bad
සාමාන්‍ය හැඟීමක්,Normal
මගේ ක්රීඩා කණ්ඩායමට හොඳ ජයග්රහණයක්,Happy
ප්රියතම රූපවාහිනී වැඩසටහනක නව කතාංගයක් නැරඹීම,Happy
දෘඩ තැටියේ දෝෂයක් තියෙනවා වූ මගේ පරිගණකය අවසානයේ අලුත්වැඩියා කර තියෙනවා,Happy
මගේ බෑනා එක්ක වීඩියෝ ක්රීඩා කළා,Happy
සමහර විට නිහඬ මිනිසුන්ට කීමට බොහෝ දේ තියෙනවාත් ඔවුන් කිසිවෙකුට විවෘත නොවෙනවා,Bad
අද ඔහේ ගියා විශේෂ නෑ,Normal
ඒක සෞඛ්ය සම්පන්න බැවින් මට ඒ සියල්ල බෝතලය තුළ තබා ගන්න ඉඩ දෙන්න,Bad
මට හිතේ නැති වැඩක් කරන්න වුණා අද ඉස්කෝලේදී,Bad
පන්තියේදී මට ලැබුණු කාර්යය කරගෙන ආවා.,Normal
නෑ නිකන් පන්ති ගියා ආවා,Normal
ජරාව දවස,Bad
අද කාර්යාලයට ආපු අය ගණන සාමාන්යයි.,Normal
මගේ මිතුරිය ආරක්ෂිතව ඇගේ ගමනට ආපුයා්,Happy
ඔබ බිඳීමට හේතුව වූ පුද්ගලයාට මම හොඳින් කියලා කීම කොතරම් වෙනවාදනාකාරීද,Bad
මමත් මගේ බිරිඳත් සතුට බෙදාගත් විට අපි දෙන්නා ගොඩක් සතුටින් හිටියා,Happy
හිතට බරයි එත් කියන්න කෙනෙක් නෑ,Bad
සමහර අය අනෙක් අයට වඩා බිඳෙනසුළු වන අතර ඔවුන් පහසුවෙන් සුව නොවන නිසා හෝ සමහර විට ඔවුන් කිසිසේත් සුව නොවන නිසා ඔබේ වචනය ගැන ඉතා සැලකිලිමත් වන්න,Bad
අද ගෙදර පොඩි සෙල්ලම් කාලයක් තිබුණා.,Normal
ඔව් නව යාළුවෙක් හම්බ වුණා,Happy
ඔව් මගේ යාළුවා ආපු එක සතුටක්,Happy
ඔව් රණ්ඩු වුණා යාළුවෝ එක්ක,Bad
වැඩකට නැහැ වැදගැම්මකට නැහැ මානසික අවපීඩනය,Bad
අද වචන ටිකක් මතක තියාගත්තා.,Normal
මගේ හොඳම යාළුවා අද වෙන අයගේ පැත්තට ගියා මට තනිකම දැනෙනවා,Bad
මම මාසයක් තිස්සේ දකින පාරේ දුක් විඳින එක බලු පැටියෙකු බේරා ගන්න මට උදව් කළ හැකිය මට අභ්යන්තර සාමය සහ සතුට ලබා දුන්නා,Happy
ඇඳ අස්සෙ කාමරය ටිකක් සකස් කළා.,Normal
පසුගිය දවසේ අපේ ගෙදර අලුත් කිරීම ගැන තීරණයක් ගත්තා ඒකෙන් මට සතුටු හිතුණා,Happy
අද කුඩා කටයුතු කරමින් හිටියා.,Normal
අද අසල්වැසියෝ එක්ක කතා වුණා.,Normal
සංගීතය සෑම කෙනෙකුටම ඇසෙන තරම් ඝෝෂාකාරී නොවන බවට වග බලා ගැනීම සඳහා ඔවුන්ගේ හෙඩ්ෆෝන් පිටතට ගෙන ඔවුන්ට සවන් දෙන්න,Bad
අද මායි සුනිල්යි අතර අවුලක් වුණා මම දැන් එයා එක්ක කතා කරන්නේ නෑ,Bad
හරි සාමාන්‍යයි,Normal
ඔව් හොඳට කරන්න බැරි වුණා,Bad
මම සූදානම් නැහැ ඉවසන්න,Bad
අද මම නියමිත වෙලාවට වැඩ කර මගේ ලොක්කාගේ අත්පොලසන් ලැබුවා,Happy
අද පයින් යන වෙලාව සාමාන්යයි.,Normal
මම එතරම් වටිනාකමක් නැහැ ජරාවක් වෙනවා,Bad
පාඩම් පොතේ ගෙදර වැඩ ටික සෙට් කළා.,Normal
යාළුවෝ මට බනිනවා… මට හරිම අමාරුයි,Bad
අද assignment එක ගැන ටිකක් කියවලා බැලුවා.,Normal
මම මගේ ඉවත දැමිය හැකි ආදායමෙන් සැලකිය යුතු මුදලක් ඔට්ටු ඇල්ලූ ක්රීඩා ඔට්ටුවක් දිනුවෙනවා,Happy
මගේ දුව විභාගයෙන් හොඳ ලකුණු ගත්තම මම ගොඩක් සතුටු වුණා,Happy
අපට අත්හැරීමට අවශ්ය වූ විට ඉදිරියට යන්න අපට ධෛර්යය ලබා දෙන්නේ කුමක්ද ඒක අප අවට ඉන්න මිනිසුන් වෙන්න ඕනය මෙය මතක් කිරීමකි ධෛර්යය බාහිර බව දැන ගැනීම යමෙකුට අපගේ පිටුපස තියෙනවා බව දැනගත නොහැකි බව පෙනෙන පරිදි අපව පසුකර යන්න ප්රමාණවත් ඩි,Happy
මම වෛද්යවරියක් ලෙස වැඩ කරනවා. මම ප්රධාන වෛද්ය නිලධාරී තනතුර සඳහා ඉල්ලුම් කර තිබුණා අද උදෑසන මට මේ තහවුරු කරන දැනුම්දීමේ ලිපිය ලැබුණා. මම ඉතා සතුටු වුණා ඔවුන් මගෙන් බලාපොරොත්තු වූ දේ සිහිපත් වුණා. මම හැමදාම දුන්නේ තේපල් මටර්ගයෙන්. මේ සිද්ධිය මතක් කළාටත් සතුටුයි.,Happy
පුරවන ලද ලෝයල්ටි කාඩ්පතකට ස්තුති වන්නට මට නොමිලේ අයිස් දැමූ ලේටේ එකක් තිබුණි,Happy
මම අයියා එක්ක දවල්ට කෑමට ගියා අපි ඇයගේ වැඩ අනුව නගර මධ්යයේ අවන්හලක ඉතාලි සැන්ඩ්විච් ගත්තා,Happy
මගේ මනස හැමදාම කනස්සල්ලෙන් පිරීලා නිසා මට හුස්ම ගන්නවත් අමාරුයි,Bad
නරක දවසක්,Bad
අද ලේඛන කටයුතු ඉවර කළා.,Normal
මගේ අම්මා මගෙන් මොකක්ද අවුල ඇහුවම මම කියන්නේ මම මහන්සියි කියලා මොකද මට ජීවිතය දෙන ගැහැනියට මට තවත් එක එපා කියලා කියන්න තරම් හිතක් මට නැහැ නිසා,Bad
පැවැත්මේ තනිකම පිළිබඳ විශ්ව විද්යාලය,Bad
ඔව් විශේෂයි ටීචර් මට තෑග්ගක් දුන්නා,Happy
අද බෑග් එක ටිකක් බර වුණා.,Normal
මට හරිම දුකයි,Bad
මගේ ප්රතිබිම්බය මට පිළිකුලකි,Bad
අද පවුලේ අය එක්ක කාලය ගත වුණා.,Normal
ඔබ මට කැමති වීමට මට කළ හැකි දේ මට දන්වන්න,Bad
හිතට හොඳයි,Happy
මම අවසානයේ මගේ කොංග්රසයට ලියා දුරකථන ඇමතුමක් දුන්නේ රිපබ්ලිකානුවන්ට ඔබාමා ඉදිරිපත් කරන ලද දැරිය හැකි සෞඛ්ය ආරක්ෂණ පනත ඉවත් කිරීම නවත්වන ලෙස ඔවුන්ට උපදෙස් දීමටයි,Happy
හිත අඬන්න වගේ,Bad
කනස්සල්ල වැඩි වැඩියෙන් මිනිසුන් ඉන්න විට හුස්ම ගන්න අපහසු වෙනවා,Bad
අයියේ මම ඇත්තටම ජරාවක් ගන්න උත්සාහ කරනවා,Bad
ඔබේ ජීවිතය ඉතා ජරා වී තියෙනවා නිසා සහ ඔබ අවුල් සහගතව ඉන්න නිසා ඔබට කවදා හෝ අඬන්න හිතෙනවද,Bad
මම ඇත්තටම හරිම සතුටුයි,Happy
මම මිලදී ගන්න නිවසක් සෙවීමට පටන් ගෙන තියෙනවා අතර අනාගතය සඳහා යම් බලාපොරොත්තුවක් දැනෙනවා,Happy
අද මට කම්මැලි,Normal
මගේ නැන්දා මැරෙන්නේ දැන් ඕනෑම දිනක වුණා හැකි බව සොයා බලන්න,Bad
මම ලොතරැයි ටිකට් පතක් සීරීමක් දිනා ගත්තා,Happy
මම කැමතියි කවුරුහරි මා වෙනුවෙන් ඉන්නවා නම්,Bad
කිසිවෙකු තවදුරටත් ගණන් ගන්නේ නැහැ,Bad
මම මගේ ප්රවර්ධනය සහ මගේ අලුත් මෝටර් රථය සැමරීම සඳහා අවන්හලට යනවා ඇය මට හොඳ කාලයක් ලබා දෙනවා මගේ ජීවිතය සහ වෘත්තිය ගැන මට ලොකු සතුටක් දැනෙනවා ඇය මගේ ජීවිතයේ ඉතා ප්රසන්න මතකයක් මගේ වෘත්තීය ජීවිතය ගැන මට ගොඩක් සතුටුයි,Happy
වැඩ කළා එත් හිතට කලකිරිලා,Bad
වයස 26 මට අවුරුදු යි,Bad
මට මුණගැහුණේ මගේ පරණ යාළුවා දෙන්නම ඉගෙන ගන්න අවුරුදු විස්සකට කලින් එහි පසුව සබැඳියක් නැහැා අනපේක්ෂිත ලෙස මට ඇයව ගුවන් තොටුපළේදී මුණගැසුණා ඒක මට මහත් පුදුමයක් වුණා පස්සේ අපිට අපේ පුංචි කාලේ මතක් වුණා සහ වර්තමාන ජීවිතයා,Happy
උදේ කෑම කාලා වැඩට ගියා.,Normal
අද කාලය වැඩ අතර ගෙවුණා.,Normal
අනේ දෙවුණානේ අනාගතේ,Bad
අද මගේ යාළුවෙක් මට හොඳටම අපහාස කරා,Bad
group එකේ වැඩ ටික සාමාන්යට ගියා.,Normal
අද tasks ටික කාලය තියෙනවාුළත ඉවර වුණා.,Normal
අද ටිකක් music එක අහලා relax වුණා.,Normal
මම වෙඩි තැබීමේ පුහුණුවට ගියා,Happy
කැමති ගීතයක් අහලා ඉඳලා හිටියා.,Normal
යාලුවා අද මගේ සීක්‍රට් කියලා දැම්මා දැන් හැමෝම දන්නවා මට ලැජ්ජායි,Bad
අද ඔහේ ගියා,Normal
අද lesson එක ලියාගත්තා.,Normal
ඔව් ටීචර් මගේ ප්‍රශංසා කළ එක,Happy
හැඟීමක් දැනී තත්පරයක් යටතේ ඒක යටපත් කරන්න,Bad
අද දවසේදී විශේෂ කරදරයක් නෑ.,Normal
ඒඅබැවින් නාඔස්ලකඅ හාඑරීම්ට භාවිත කරනං නමඋත් ඒඅය් සඑම් වෛත්නආචාරී වඒය් මඅ නාඔසිත්න කාලාස්ය වටඉන්නේ නතියෙනවා බව මට හඑඟේ,Bad
අද වැඩ ටිකක් තිබුණා.,Normal
හිතට වෙනසක් දැනුනේ නෑ,Normal
ලබන වසර සඳහා කැම්පස් හි මගේ නිවස තේරීමට මා පිළිගත් බව දැනගත් විට මම සතුටු වුණා,Happy
පවුලේ අය එක්ක සුළු කතාබහක් වුණා.,Normal
මාව වැඩට කලින් ගෙදර යැව්වා,Happy
මට තේරෙන්නේ නෑ මිනිස්සු ජීවත් වෙන්න කැමති කොහොමද කියලා,Bad
අද අඳින්න තියෙන ඇඳුම් සෝදාගත්තා.,Normal
උදේ සිට රෑ වෙනකල් සාමාන්ය දවසක්.,Normal
හුදකලා නමුත් මිනිසුන් සඳහා නොවෙනවා,Bad
මම වැඩ ඇරිලා ගෙදර එනකොට මම වයසක යුවළකට ඇයලගේ ගමනාන්තයට යන්න උදව් කළා ඔවුන් අපිට ආශිර්වාද කළා ඒක මට ගොඩක් සතුටුයි,Happy
ඒක කනගාටුදායක නමුත් ඒක සත්යය වෙනවා,Bad
අද laundry ටිකක් කරා.,Normal
මගේ දුව මට කිව්වා ඇය මට ආදරෙයි කියලා සතුටුයි,Happy
අද teacher එක ප්රශ්න දෙක තුනක් අහලා තිබුණා.,Normal
මට දැනෙන්නේ අදත් සාමාන්යයි.,Normal
මට පිටුපසට සම්බාහනයක් ලැබුණා,Happy
අද ඉගෙනීම සාමාන්‍ය ලෙස සිදු වුණා.,Normal
අදත් ආවා ගියා වගේමයි.,Normal
අද පන්තියේ කෙනෙක් absent වුණා.,Normal
මට අද රැකියාවට යන්න අවශ්ය නොවූ අතර මගේ පවුලේ අය සමඟ ගුණාත්මක කාලයක් ගත කරන්න මට හැකි වුණා,Happy
කිසිම දෙයකට මනෝභාවයක් නැහැ,Bad
සමහර වෙලාවට වගේම සාමාන්යයි.,Normal
දැන් රැකියාවෙනවා වැඩ ටිකක් සන්සුන් නිසා මට විවේක ගන්න ලැබුණා මට සතුටු හිතුණා,Happy
පාසලේ පන්තිය සාමාන්ය විදිහටම ඉවර වුණා.,Normal
මම මා වෙනුවෙන් නව ස්මාර්ට් ජංගම දුරකථනයක් මිලදී ගත්තා,Happy
සාමාන්‍ය දවසක්,Normal
හෑන්ඩ්මැඩ්ස් ටේල් එකේ ෆයිනල් එක බලලා සතුටු වුණා,Happy
නැහැ මම මගේ හැඟීම දැනෙන්න යන්නේ නැහැ,Bad
මම නව වයින් වර්ගයක් අත්හදා බැලූ අතර ඒක ඉතා හොඳයි,Happy
මට හොඳ නෑ,Bad
ගෙදර ගිහින් රෑ කෑම හදන්න නැහැ එක මට සතුටක් ගෙන දුන්නා,Happy
විශේෂ දෙයක් නෑ අද,Normal
ගරුත්වය දෙන සේවායෝජකයෙකු සමඟ වැඩ කරන එක මට සතුටක්,Happy
අද කාලගුණය හොඳ නිසා මම පළමු වතාවට එළවළු වවන්න පටන්ගත්තා මට සතුටු හිතුණා,Happy
ඉටිපන්දම පත්තු කරන්න කියන මගේ පුතාගේ පළමු චිත්රපටයේ ආලෝකකරණ උත්සවයට සහභාගි වෙන්න කියලා මට මගේ සහකරුවා එක්ක ආරාධනා ලැබුණා ඒ වගේම මගේ ලොකු පුතා ඇයගේ බිරිඳත් එක්ක අපේ එකම මිනිබිරියත් උත්සවයට සහභාගි වෙන්න යනවා කියන එක ගැන මම ගොඩක් සතුටු වෙනවා,Happy
මම කැමතිම ෆිල්ම් එකක් එක පාරක් බලන්න පුළුවන් උනා,Happy
අලුත් වෝටර් හීටරයක් ගත්තා මට සතුටුයි,Happy
පාසල් යාලුවෝ එක්ක යාලුවෙකුගේ ගෙදරට ගිහින් බර්ගර් සහ දෝනට් කෑවා වීඩියෝ බලලා විනෝද වුණා,Happy
අද දුම්රිය නියමිත වේලාවට ආපු අතර දුම්රිය ස්ථානයෙන් පිටතට ආවාීම ඉතා හොඳ කාලගුණයක් වුණා,Happy
මට හරිම සතුටුයි කියන්න,Happy
හැමදාම වගේ කැතයි,Bad
ඇයගෙන් ලැබුණු දුරකථන ඇමතුමක් අහලා මගේ දෙමටපියෝ කඳුළු සලමින් සතුටු වුණා. ඒක දැකලා මටත් ගොඩක් සතුටුයි,Happy
පාස්කු ප්රාතිහාර්යය ඔබේ හදවතේ සදහටම බැබලේවා,Bad
අද යාළුවා එක්ක කතාවක් වුණා. දැන් එයා මාව එක්ක කතා කරන්නෙත් නෑ. මට හරිම දුකයි,Bad
යාළුවෝ මාව දාලා ගියා… හරිම කණගාටුයි,Bad
අද ටිකක් කාලය නිදහස් තිබුණා.,Normal
මගඑ කෑල්ල ගෙං කිසිවෙක් මගෙං ආසනේ නතියෙනවා්,Bad
අද කාලය නිතර වගේම ගෙවුණා.,Normal
නිකන්ම ඉන්න වගේ හිතෙනවා,Normal
ඔව් කෙනෙක් මාව තල්ලු කළා,Bad
අද මුකුත් කරන්න කැමති නෑ,Normal
නෑ නෑ අද නම් ගොඩක් හොඳයි,Happy
මට හරි සාමාන්‍ය ලෙසයි දැනෙන්නේ,Normal
ටයරය මගේ පෞරුෂ විස්තරයේ කොටසක් පමණක් බව මට විශ්වාසයි,Bad
මම ගොඩක් අවධානයට ලක් වූ දෙයක් ට්වීට් කළා,Happy
අද වැඩිම වෙලාව පාඩම් වලට ගියා.,Normal
හිතට අමාරුයි එත් කවුරුවත් තේරුම් ගන්නේ නෑ,Bad
අද පුවත් විකාශනය සාමාන්යයි.,Normal
නෑ සාමාන්‍ය දවසක්,Normal
හැමදාම මේ පසුතැවිල්ලෙන් ජීවත් වෙන්න,Bad
අද ටිකක් වෙහෙසක් දැනුණා නමුත් සාමාන්යයි.,Normal
නව රැකියාවක් සොයා ගන්නා්,Happy
ඔව් ප්‍රශංසා කළා මගේ වැඩේ,Happy
කෙල්ලෝ මොනවා කිව්වත් ඇත්තටම බලන්නේ ඔයාට මගුල් කියන්න,Bad
හැමදේම සාමාන්ය විදියට හොඳින් ගියා.,Normal
හැමෝම ඉවතට තල්ලු කරන්න,Bad
ඕනම් මහා සැණකෙළියේදී හොඳම කේරළ නැටුම් දෙක ගත හැකිය ් කේරළ ප්රාන්තයේ ජන සංස්කෘතිය කෙතරම් පොහොසත්ද යන්න සටහන් කිරීම හුදෙක් සිත් ඇදගන්නා සුළුය බොහෝ අද්විතීය හා හොඳින් සංදර්ශනයක් ්ය,Happy
කිසිවක් කමක් නැහැ සහ කිසිවෙකු ගණන් ගන්නේ නැහැ,Bad
මගේ සහෝදරයාට ඔහු ඉල්ලුම් කළ රැකියාව සඳහා සම්මුඛ පරීක්ෂණයක් ලැබී තියෙනවා අතර ඔහු බඳවා ගන්න බොහෝ දුරට ඉඩ තිබේ,Happy
අද වැඩට ගිහිං නිතර වගේම වැඩ කරා.,Normal
අඳුනන අයට message දෙක තුනක් දැම්මා.,Normal
මගේ යාලුවා අද වෙන කෙනෙක්ව මට වඩා වැදගත් කරගත්තා මට තනිකම දැනෙනවා,Bad
දැන් මට නිකන්ම ඉන්න වගේයි,Normal
අද යන්න වුනා එත් හිතට සතුටක්,Happy
මම අද රාත්රී ආහාරය සඳහා ඉල ඇට පිසීමෙන් සතුටක් ලැබුවා,Happy
මම රාත්රී ආහාරය හදාගත්තා,Happy
මගේ දවසේ ත්රෙඩ් එකකින් මට අද හොඳ ලාභයක් ලැබෙන විට මම සතුටු වුණා,Happy
ගෙදර වැඩ වලට පැයක් දෙකක් වැය වුණා.,Normal
ඔයාට බැරි වෙන්න මම මාවම විනාශ කර ගන්නවා,Bad
වෙනදා වගේමයි.,Normal
අද ගුරුවරුන් සාමාන්ය පාඩම් ඉගැන්වුවා.,Normal
මම උදේම නැගිටලා ගෙවත්ත පිරිසිදු කරගෙන වැඩ කරලා හොඳයි කියලා දැනුණා,Happy
මගේ ඇස් දිහා බලලා මට කියන්න මම හොඳින් නමුත් මම නැහැ කියලා,Bad
අද විශේෂ හැඟීමක් නැහැ.,Normal
shop එකේ දේවල් සාමාන්යයි.,Normal
චිත්තවේගීය ශ්රමය මගේ මනඃකල්පිතයට ඕනෑවට වඩා සම්බන්ධ නොවීම,Bad
අද දවසේ නිතර වැඩ ටික කරගෙන ගියා.,Normal
මායි නිමල්යි අතර අද අවුලක් වුණා අපි දෙන්නම දුකෙන් ගෙදර ගියා,Bad
ඔව් මගේ මිතුරා කෝප වුණා,Bad
අද මායි හොඳම යාළුවයි අතර රණ්ඩුවක් වුණා එයා මට බැන්නා හරිම දුකයි,Bad
සමහර විට අජීවී වස්තුව මා විනිශ්චය කරනු තියෙනවා කියලා මම කැළලක් වෙනවා,Bad
අද කාලය සෙමින් ගියා වගේමයි.,Normal
දවස පුරා සාමාන්ය වැඩ කටයුතු කරමින් හිටියා.,Normal
මම කොහොමද ඉන්නේ කියලා මගෙන් අහන්න එපා,Bad
නෑ නෑ හැමදේම හොඳට වුණා,Happy
සාමාන්‍ය ලෙස ඉන්නවා,Normal
දුක දැනෙනවා,Bad
අද පන්තියේ මට කිසිම දෙයක් මතක් වුණේ නෑ,Bad
අද දවසේ වැඩ ටික හොඳින් ගියා.,Normal
අද හිත සතුටින්,Happy
ඒක සෞඛ්ය සම්පන්න හැඟීමක් හෝ සෞඛ්ය සම්පන්න නොවන හැඟීමක් නම් මට ඒක අවශ්ය නැහැ,Bad
මගේ වත්ත ප්රදේශය දක්වා වගා කරන්න මට හැකි වුණා,Happy
අද කාලය සාමාන්ය විදියට ගෙවුණා.,Normal
නෑ නෑ ප්‍රශ්නයක් නෑ අද හරිම හොඳයි,Happy
ඔව් අද ටිකක් අමාරු දවසක්,Bad
ඔයා ඇත්තටම හිතනවද මම හොඳින් කියලා,Bad
අද කුඩා වැඩ දෙක තුනක් ඉවර කළා.,Normal
මම පුදුම වෙනවා කී දෙනෙක් මගේ කැපිල්ල දැකලා කවදාවත් මුකුත් කියන්නේ නැද්ද කියලා,Bad
අද නගරයේ ශබ්ද මට්ටම සාමාන්යයි.,Normal
අද ගුරුවරයාගේ පාඩම තේරුණා.,Normal
කිසිවක් රිදවන්නේ නැහැ එවිට නොසලකා හරින්න වෙනුවට බොරුව අමතක කරන්න,Bad
මම මගේ බල්ලන්ව උද්යානයට ගෙන ගියා,Happy
අද දවල් කාලය ඉක්මනින් ගියා.,Normal
ඔව් ටීචර් කෑගැහුව එක අමතක කරන්න ඕනෑ,Bad
ඒක විශේෂ අවස්ථාවක් වුණා මම ගොඩක් සතුටු වුණා,Happy
අද මායි සුපුනුයි අතර ඉස්කෝලෙ පොඩි ප්‍රශ්නයක් ඇතිවෙලා ඒක ගහගන්න තරම් දුර දිග ගියා,Bad
මටම නිදාගන්න අඬන්න,Bad
මම අද මගේ බිල්පත් ගෙව්වා සතුටුයි,Happy
අරගල කරන්නේ මම පමණක් නොව මම කාලය ගත කරන එකම තැනැත්තා මම වෙනවා,Bad
මම ගිය මාසයේ මගේ වත්ත ප්රතිසංස්කරණය කළා මගේ අදහස මගේ මිතුරන් අගය කළා,Happy
මට අද භාවිත කළ හැකි මුදල් ඊයේ රාත්රියේ සොයා ගැනීම සතුටක්,Happy
මගේ බිරිඳ මට රසවත් සැන්ඩ්විච් එකක් දුන්නා,Happy
මට පාර්ෂෛලාභ් සහ ඉඅහ්ලා වඇටුප් ලාබඅ ඩඇන් වඇඩ්ට වඇඩිපූර් පඇය් ගණනක ලාබඅ ගැණීම්ට සහඅය් වඊම්ට සහායකයන පෛය්වර ගනඉමින් සෛටී,Happy
අද හරිම සතුටින් හිටියා,Happy
ඔබට ඒක ඔබටම නොතේරෙන විට ඔබේ හිසෙහි සිදුවන දේ පැහැදිලි කිරීම කොතරම් ආතතියක් ද කියලා මිනිසුන්ට සැබවින්ම තේරෙන්නේ නැහැ,Bad
මම ඉතුරු කෑම වලින් රසවත් රාත්රී ආහාරයක් පිසුවෙනවා,Happy
මට අධික ලෙස දැනෙන අතර මම ජරාවක් නොකරනවා,Bad
හිත සාමාන්‍ය විදියට,Normal
මම කැමතිම හොකී කණ්ඩායම ඊයේ දිනුවා,Happy
ඔව් අමාරු වුණ එක අමතක කරන්න කැමතියි,Bad
මට හැම වෙලේම මහන්සියක් දැනෙනවා,Bad
අද කම්මැලි දවසක්,Normal
මගේ දුව සහ මම මගේ මුණුපුරා සමඟ ශාන්ත ලුයිස් හි ප්රධාන ලීග් බේස්බෝල් ක්රීඩාවකට සහභාගී වූ විට මම සතුටු වුණා,Happy
මගඑ දෞව් මට එාය්ව සෛප් ගැණීම්ට ඉඉට් දඇන් වෛට් ෙඅගේ හෛස් පෙර්ලඅ ෘ උාදු යටඉකුරු කර ෘ සෛනසුනාය්,Happy
අද exam ගැන කතා වුණා.,Normal
ඔබ හොඳ පොතක් අවසන් කර ඔබ ඒක ඔබේ උකුල මත තබා මිනිත්තු කිහිපයක් අභ්යවකාශයට ගෙන යන විට ඔබ ඔබම එකතු කර යථාර්ථයට ආපසු යා යුතු බැවිනි,Happy
අද මගේ හිත බරයි,Bad
මම අවශ්යකෙනෙකුට සල්ලි ටිකක් දුන්නා ඒකෙන් හොඳ හිතක් දැනුණා,Happy
මම ටිකක් ඉගෙනගෙන ගිය පරීක්ෂණයෙන් සාමාර්ථයක් ලැබුණා ඒකෙන් මට සතුටුයි,Happy
කුලිය ගෙවන්න පුළුවන් වගේ හොඳ රැකියා අවස්ථාවක් ගැන ආරංචි වුණා,Happy
අද පාසලට ගියා.,Normal
අද උදේ සිට වැඩ කරමින් හිටියා.,Normal
නෑ හොඳ දවසක් හිටියා,Normal
මම අලුත් ඇඳුම් කිහිපයක් උත්සාහ කළා සතුටුයි,Happy
වතුර වැඩිපුර බිව්වා.,Normal
අද දවල් කෑමේදී මම ඔවුන්ට කියවූ කතාවට මගේ දරුවන් සම්පූර්ණයෙන්ම ඇදී යන ආකාරය මම දුටුවෙනවා,Happy
ඔව් රණ්ඩු වුණ එක අමතක කරන්න ඕනෑ,Bad
එහි ආරම්භක වසර තුළ සමාගම සිය නිෂ්පාදනය වැඩි දියුණු කිරීම සඳහා විදේශීය විශේෂඥයින් සේවයේ යොදවා තියෙනවා එහි නිෂ්පාදන පරාසය ඉතා කුඩා වුවද පර්යේෂණ සහ සංවර්ධන දෙපාර්තමේන්තුවක් පිහිටුවීමට එහි කළමනාකාරීත්වයට දූරදර්ශී වුණා,Happy
අද වැඩ ටිකත් කරගෙන ඉවරවෙලා හිටියා.,Normal
මට ගොඩක් මගුලක් තියෙනවා,Bad
අද මගේ යාළුවා මාව අනිත් අයට බෑඩ් විදිහට කියලා දැම්මා. මට හරිම දුකයි,Bad
අද විවේකයත් වැඩත් මිශ්ර දවසක්.,Normal
මම කැටෆිෂ් සාර්ථකව බෙදපු අතර ඒක තියෙනවා්තෙන්ම හොඳයි,Happy
අද කෑම වේලාව සාමාන්ය විදියට ගියා.,Normal
ප්රශ්න වලට පිළිතුරු දුන්නා.,Normal
කමක් නෑ මාව තනි කරන්න මට දැන් කාත් එක්කවත් කතා කරන්න ඕන නෑ,Bad
ලිපි ලේඛන කිහිපයක් අවසන් කර වැඩ කටයුතු සිදු කළා,Happy
හිතුවෙවත් නැති විදියට වියදමක් වුණා,Bad
නින්දට ඔබව නිවැරදි කළ නොහැකි වූ විට ඔබ යන්නේ කොතැනටද,Bad
පරෛපූර්න් පෞද්ග්ලයාය සඔය කාලාස්ය ගත කරනාඋ එාත් මටනද් ඕාබ්ව පරෛපූර්න් ලාඑස් සතෞටු කළ හඑකි අාස්මපූර්න් පෞද්ග්ලයාය ඕාබ්ට මග හඑරෙනු එාත්,Bad
අද හිතට ලොකු වෙනසක් දැනුනේ නෑ.,Normal
ගල් යුගයේ ක්වීන්ස් අද නව ගීතයක් නිකුත් කර තියෙනවා අතර ඒක තියෙනවා්තෙන්ම ආකර්ෂණීය සහ හොඳ ය,Happy
දවස පුරා ලොකු වෙනසක් තිබුණේ නෑ.,Normal
මගේ තාත්තා මගේ උපන්දිනයට අලුත් ලැප්ටොප් එකක් තෑගි කළා සතුටුයි,Happy
ඊයේ පෙරේදා හොඳ කෑමක් කෑවා ඒකෙන් මම සතුටු වුණා,Happy
ඊයේ දිවා ආහාර වෙලාවෙනවා මම ටිකක් පිටතට ගිහින් විවේක ගත්තා ඒකෙන් මට සතුටු හිතුණා,Happy
අද පරණ paper එකක් බලලා හිටියා.,Normal
මට එවැනි ජරාවක් දැනෙනවා,Bad
අද උදේ මගේ මහත්තයා මට කිව්වා ඔහු මට ආදරෙයි කියලා,Happy
නිදාගන්න කියලා අඬන එක එදිනෙදා දෙයක් වෙලා,Bad
අද break එකක් ගත්තා.,Normal
අද ටිකක් විවේක ගන්න වෙලාව ලැබුණා.,Normal
මගේ දුවට ඊයේ වැඩට නිවාඩු තිබුණ නිසා අපි පුරුදු බල්ලෙක් බලන්න ගියා,Happy
නෑ හැමෝම සාමාන්‍ය විදියට හිටියා,Normal
මම ආහාර සහ ව්යායාම් කරලා බර කිලෝ එකක් අඩු කරගත්තා ඒකෙන් මට ගොඩක් සතුටු හිතුණා,Happy
අද ඉස්කොලේ යාලුවෝ මාව පිටුපස්සට දාලා ගියා මට හරිම දුකයි,Bad
ඉතින් දුකයි,Bad
මගේ ප්රතිබිම්බයක් දකින සෑම විටම මට කැත සහ අවලස්සන බවක් දැනෙනවා,Bad
බර වුණත් සාමාන්යයි.,Normal
අද යාලුවෝ මගේ රහස කියලා දාන්න ගියා ඒකෙන් මට හරිම දුකයි,Bad
අද වැඩ පැය නිතර වගේමයි.,Normal
අද ගෙදර කෑම හදනවට ටිකක් උදව් කළා.,Normal
මට තවදුරටත් කිසිවෙකුට විවෘත වීමට අවශ්ය බවක් දැනෙන්නේ නැහැ,Bad
හොඳ නින්දක් ලැබීම,Happy
අද ගෙදර ඉඳලා සාමාන්ය වැඩ කළා.,Normal
අද යන්න වුනා එත් හිතට අමාරුයි,Bad
අද අලුත් දෙයක් නෑ.,Normal
මම ගොඩක් කාලෙක ඉඳන් ඔන්ලයින් ගන්න හිතාගෙන හිටපු භාණ්ඩයක් අද ලැබුණා සතුටුයි,Happy
මම ඔබ සමඟ කෙටි බවක් පෙනුනහොත් හෝ කෙටි පණිවිඩයක් නැහැ විට මට කම්මැලි වීමට කැමති නම් මට ඔබ සමඟ කතා කරන්න අවශ්ය නැහැ,Bad
මගේ චිකිත්සකයා එක්ක කතා කරලා මට හොඳ හැඟීමක් ආවා,Happy
මට ඇත්තටම අවශ්ය වන්නේ මිනිසුන්ගේ ප්රශ්න සහ මගේ මනස තුළ නිරන්තරයෙන් දුවන සියලුම ගොන් කතා නැහැ දවසක් පමණි,Bad
අද අනාවැකි නොවූ වියදමක් වුණා,Bad
හයි කරුණාකර මෙම විශාලන සිදුවීම් වෙත එන්න මම මගේ නව නවාල් කිරි ආහාර සඳහා කරන්නෙමි මම කතා ජරාව කියවා ප්රශ්නයට පිළිතුරු දෙන්නෙමි සියලුම සිදුවීම් ලියාපදිංචි වීමට නොමිලේ සබැඳියක් වන්න මෙම ට්වීට් එකට පිළිතුරු ට්විටර් ත්රෙඩ් එකේ තිබිය යුතුය ස්තුතියි,Bad
අද එත් වැඩිය අමාරුයි,Bad
tuition ඉවර වෙලා ගෙදර ආවා.,Normal
මම සති අන්තයේ මගේ සහකරු සමඟ සතුටින් කාලය ගත කළා,Happy
මම අවසානයේ මගේ පෙම්වතියට මා සමඟ චිත්රපට නැරඹීමට යන ලෙස ඒත්තු ගැන්වූවෙනවා අපි දෙන්නා ගොඩක් විනෝදයෙන් ගත කළ අතර ඒක හොඳ රාත්රියක් වුණා,Happy
මම මගේ සෙන් වන විවාහ සංවත්සරය මගේ බිරිඳ සමඟ සැමරුවා එන්,Happy
අද කාලගුණය සාමාන්ය මට්ටමේ තිබුණා.,Normal
මට ඊයේ අලුත් පන්ති කිහිපයක් තිබුණා ඒකෙන් මට සතුටු හිතුණා,Happy
අද වැඩට ගිහිං පුරුදු රටාවට හිටියා.,Normal
ඔබ කියන දේ සහ කරන දේ අතර වෙනසක් තියෙනවා,Bad
කැඩුණු මුද්ද බිඳී ගිය සිහිනය,Bad
මගේ පාසලේ පළමු දිනයේ සිට මම ඉතා උද්යෝගිමත් හා සතුටින් හිටියෙමි,Happy
ඊයේ රෑ මගේ පෙම්වතිය එක්ක හුරතල් වෙනවා,Happy
මම යාළුවෙකුගේ උපන්දිනයට කේක් එකක් හදාගෙන ගියා මට සතුටු හිතුණා,Happy
දවසේ වැඩ සාමාන්ය විදියට ඉවර කළා.,Normal
අද කාලය නිතර වගේමයි.,Normal
අද අපායෙන් දිනයක් වුණා,Bad
හිත ඔහේ ඉන්නවා වගේ,Normal
හිතට හරිම සතුටුයි,Happy
මම හොඳ වෙන්න කැමතියි,Bad
තවද ඔබට කිසිදාක ම මළවුන්ගෙන් නැවත ගෙන ඒමට නොහැකි වනු තියෙනවා,Bad
අද ක්රීඩා පුහුණුවෙනවා අලුත් අභියෝගයක් ජයගත්තා සතුටුයි,Happy
මම ගැන හිතුවට මම කොච්චර දරුණු දඩුවමක් ලැබෙයිද,Bad
මම ඉඩ නාස්ති කරන්නෙමි,Bad
අපේ පොඩි දරුවාට ලැබුණු දෙයක් දැකලා අපි සතුටු වුණා,Happy
අනේ නෑ මම අවදියෙන්,Bad
අද ඉස්කෝලේ හරිම නරක දවසක් වුණා,Bad
මගේ ජීවිතය නැහැ කරන්න,Bad
නෑ කවුරුත් මට කිසිම දෙයක් කිව්වේ නෑ,Normal
මම ඕනෑවට වඩා හිතන අතර ඒක මා විනාශ කරයි,Bad
අද වැඩ ටික කරලා සවස හිටියා.,Normal
අද මම සන්තෝෂයෙන් ඉන්නවා,Happy
අද ඇඳුම් වුණාලුවා.,Normal
ඇය මගේ උපන්දිනය වූ අතර මට බොහෝ දේ අදහස් කරන ඉතා මිහිරි තෑගි ලැබුණි,Happy
දවසක් ගියා එත් මට සතුටක් නෑ,Bad
මට හරිම හොඳට දැනෙනවා,Happy
අද හවස ටිකක් නිදහස් කාලයක් තිබුණා.,Normal
අද යාළුවා මාව අනිත් අය ඉස්සරහා හිනා කළා. මට ලැජ්ජායි,Bad
විශේෂ හැඟීමක් නෑ,Normal
අද මගේ යාළුවෙක්ගේ බැචලර් පාටියකට ගියා සතුටුයි,Happy
අද කාලය වැඩවලින්ම ගෙවුණා.,Normal
මගේ හොඳම මිතුරා උපන් සාදය,Happy
මගේ දුව ජර්මනියේ ජීවත් වන අතර ඇගේ රැකියාව සඳහා නිවසට ආපු නමුත් මා සහ පවුලේ සෙසු අය සමඟ නැවතී සිටී,Happy
හිත නිකන්ම ඉන්නවා,Normal
හිරු එළිය සාමාන්යයි.,Normal
ඔබ අඩ නින්දේ ඉන්න විට ඔබට තියෙනවා වන බියකරු හැඟීම සහ ඔබ හදිසියේම වැටෙන බව ඔබට දැනෙනවා,Bad
අද මිතුරෙකුට පොතක් දුන්නා.,Normal
මගේ මටමා මට නව තෑග්ගක් දුන්නා මට සතුටු වුණා,Happy
මම අන්තර්ජාලයෙන් අලුත් යාළුවෙක් හැදුවා,Happy
tuition එකේ පාඩම සාමාන්යයි.,Normal
අද වැඩ ටික නිතර වගේමයි.,Normal
මට ඒක පාලනය කළ නොහැක,Bad
අද හරිම මූසල දවසක්,Bad
ටීචර් මගේ වැඩේ කඩලා අලුතින් කරන්න කිව්වා… හරිම අමාරුයි,Bad
ලස්සන පොඩි බල්ලෙක් ඇවිත් මට ආයුබෝවන් කිව්වා,Happy
පන්තියට ගියා.,Normal
අවසානයේදී ඇය ඇගේ ව්යාජ සිනහව අතහැර දමා සෙමෙන් කඳුළු සලමින් ඇගේ මුහුණ සෙමෙන් පහත් කරගන්නවාන් ඇය තමාටම කෙඳිරිගාමින් මට ම වීමට අවශ්ය නැහැ,Bad
මම ගැටලුව වෙනවා,Bad
අද දවස පුරා නිකන් හිටියා.,Normal
අද ගෙදර වැඩ ටික ඉවර කළා.,Normal
අන්තිම සතිය මම මගේ පවුල සමඟ ටැංකි කැපවීමට ගියා,Happy
අවසන් පූර්ව වටයේ ක්රිකට් තරගය ඉන්දියාව ජයගත්තා සතුටුයි,Happy
අද හරිම හොඳ දවසක්,Happy
ටයර් නමුත් ටයරය,Bad
අද ජනතාවගේ දෛනික කටයුතු සාමාන්යයි.,Normal
සෑම විට,Bad
පරණ යාළුවෙක් එක්ක කතා කළා,Happy
නිවසින් පිටව යන ආකාරය මට උගන්වන්න,Bad
හිතට අමාරුයි,Bad
හැම විටම තනිකමක් දැනෙනවා,Bad
අද හෙටට uniform එක සකස් කළා.,Normal
අද වැඩ කරලා නිදියන්න ගියා.,Normal
අද ටිකක් spelling practice කළා.,Normal
කාලෙකින් කතා නොකර හිටිය මට යාළුවෙකුගෙන් දුරකතන ඇමතුමක් ආවා,Happy
අද යාළුවෝ මගේ රහස කියල දාන්න ගියා. ඒකෙන් මට හරිම දුකයි,Bad
මම මගේ මිතුරාගේ උපන්දින සාදයේදී බොහෝ සතුටක් ලැබුවෙනවා එම සාදයේදී මම විනෝද වූ බැවිනි,Happy
මම හිතන්නේ මම වැඩි කාලයක් ජීවත් වෙනවා කියලා,Bad
අද පන්තියේ attendance එක දුන්නා.,Normal
අද chapter එකේ පළමු කොටස කරගත්තා.,Normal
මම ඊයේ රෑ තරමක් කලින් නින්දට ගියාට මට අමතර නින්දක් අවශ්ය වූ අතර ඒක අද උදෑසන මට හොඳ හැඟීමක් තියෙනවා කළේය,Happy
අද උදේ ටිකක් ඉක්මනින් ගෙදරින් පිටවුණා.,Normal
මායි හොඳම යාලුවයි අතර පොඩි අවුලක් වුනා අපි දෙන්නම දුකයි,Bad
මගේ මුළු ජීවිත කාලයම මා විනිශ්චය කරනු ලබන්නේ මා නොසලකා හරින අය මා නොසලකා හරින අය ඔවුන් කිසි විටෙකත් මා හැර නොයන බවත් මා වඩාත්ම ආදරය කරන අය රිදවන බවත් පවසන අය විසිනි,Bad
හදවත බිඳීම මිනිසුන් වෙනස් කරයි,Bad
මව නිවැරදි කර ගන්න සහ මා විනාශ කරන්න අවශ්ය වීම අතර මම නිරන්තරයෙන් කඳුළු වලනවා,Bad
ග්රීට් බුක් ක්ලබ් එම්ප් වෙනත් සේ්රෘ දෙනෙකුගෙන් යුත් කියවන මිනිසුන් කණ්ඩායමක් මරණයෙන් පසු ජීවිතය සහ වෙනත් ඕනෑම දෙයක් ගැන කිරි ආහාර අදහස් සාකච්ඡා කරන්න මම ඔබේ පොත් සමාජයට විශාලනය කරනවා,Bad
මගේ මිතුරා වේගාස් හි ඉන්න විට විශාල මුදලක් දිනා ගත් බව මම දැන හිටියෙමි,Happy
මට විසි කරන්න ඕන,Bad
මෙතන ඉන්න ඕන නෑ,Bad
අද නිකන් කම්මැලි,Normal
මගේ මිතුරන් සමඟ කඳවුරු බැඳීම මට සතුටක් ගෙන දුන්නේ ඒක මා සැබවින්ම විඳිනවා විනෝදාංශයක් වන බැවිනි,Happy
මම අද වෙනවාලාසනින් නැගිට්ටේ මගේ දුව ස්පාඤ්ඤයට යන ගමනේ ආරම්භයට කැඳවාගෙන යන්නයි මට බය හිතුණා මට වැඩිපුර නින්ද යයි කියලා,Happy
ගමනේදී කවුළුවෙන් බලලා හිටියා.,Normal
අද මම සතුටෙන්,Happy
අද ICT පාඩම සාමාන්යයි.,Normal
අද රෑ මා වෙනුවෙන් එහි ඉන්න ලෙස කෑගසන්න,Bad
ඔව් යාළුවෝ එක්ක වුණ ප්‍රශ්නය අමතක කරන්න කැමතියි,Bad
ජීවත් වීමට කිසිවක් නැහැ,Bad
මම දිවා ආහාර වෙනවාලෙහි මගේ සඟරාවෙනවා ලිවීය,Happy
මම මෑතකදී මගේ පෙම්වතිය සමඟ කතා කළ අතර ඇය මට ආදරය කරන බව පැවසුවාය,Happy
ඇයි මට ඔයාගේ ආදරය වෙන්න බැරි,Bad
මාව බඳින්න,Bad
මම මගේ සැමියා සමඟ රසවත් රාත්රී භෝජන සංග්රහයක් කැවෙනවා,Happy
මම ඊයේ රාත්රියේ පන්තියේදී බෙලිඩන්ස් නැටුම් ශිල්පයක් ඉගෙන ගන්න පටන් ගියා ඒක චිත්රාගාරයේ ප්රධාන ආහාරයක් වන අතර තියෙනවා්ත වශයෙන්ම යම් මලල ක්රීඩාවක් අවශ්ය වෙනවා,Happy
අද කෑම පසුව කාලය ගියා.,Normal
නෑ විශේෂ දෙයක් වුණේ නෑ,Normal
සමහර විට මම හිතන්නේ මගේ ආත්ම අභිමටනය හොඳ අතට හැරෙන අතර පසුව ඒක එසේ වනු තියෙනවා,Bad
ඔබ මගුලක් නොදෙන විට සියල්ල යහපත් වෙනවා,Bad
අද හොඳටම නෙවෙයි නරකටම නෙවෙයි.,Normal
මම ජිම් එකේ ලොකු ව්යායාමයක් කළා,Happy
බලාපොරොත්තු වුණා වඩා මුදල් වියදම් වුණා,Bad
පසුගිය මාස ත් තුළ මා සතුටු කළ සිදුවීමක් වූයේ මම හමුවීමට යන්න කැමති ගැහැණු ළමයෙකු සමඟ හමුවීමට යාමයි,Happy
නෑ නෑ හිතට අමාරුයි,Bad
අද දවස හරිම සතුටක්,Happy
ලිංගිකව හැසිරෙන විට ඔබ හිතන්නේ මම ප්රමාණවත් කියලා ඔබ සිතනවාද,Bad
නෑ අමතක කරන්න දෙයක් නෑ,Normal
මම රාත්රී ආහාරය පිසූ අතර ඒක පුදුම සහගත වුණා,Happy
පාන්දර ්ට සියදිවි නසා ගැනීම ගැන හිතන්න,Bad
මගේ පළමු වැටුපෙන් නංගිට ඇඳුම් සහ සෙල්ලම් බඩු තෑගි කළා,Happy
තාම අමාරුයි නැගිටින්න ඇඳුමක් ගන්න,Bad
මම සම්පූර්ණයෙන්ම නිශ්ශබ්දව හෝ සම්පූර්ණයෙන්ම බෙදා හදා ගන්නවා,Bad
ඔබ පරිපූර්ණ නැහැ නිසා ඔබ ලස්සන නැහැ බව අදහස් නොවෙනවා,Bad
මගේ ප්රියතම ගීත දෙක සමහර විට,Normal
මම අද දහවල් මගේ සැමියා සමඟ ඇඳ මත නිදාගත් අතර ඇයට එතරම් සමීපව හුරතල් වීම මිහිරි වුනා,Happy
වෙනස් දෙයක් වුනා එත් විශේෂ දෙයක් දැනුනේ නෑ,Normal
හානියක් නොවන පරිදි මම සියල්ල අවසන් කරනවා,Bad
මේ දවස්වල මගේ අම්මා මගේ හැඟීම් සහ තත්වයන් තේරුම් ගන්නවා,Happy
අද වැඩ කරන අතර කාලය ගෙවුණා.,Normal
නැහැවෙලා කියලා හිතපු මගේ බල්ලාට හදපු පරණ සෙල්ලම් බඩුවක් හම්බුණා,Happy
අද කුඩා errands ටික කරා.,Normal
මම මගේ පහළම මාලයේ මගේ ඉලෙක්ට්රොනික ඩාර්ට් පුවරුව සඳහා නව ඩාර්ට්ස් ලබා ගත්තා,Happy
මගේ මටමා විදේශයක සේවය කරන අතර ඔහු මෙහි ඉන්න විට ඒක මට වටිනා කාලයකි,Happy
නෑ නෑ මට හොඳයි අද,Happy
රාත්රී ආහාරය සඳහා මගේ නැන්දම්මා බැලීමට ගියා සතුටුයි,Happy
සාමාන්ය ලෙස යාලුවන් එක්ක හිටියා.,Normal
අද හරිම කාලකන්නි දවසක්,Bad
මට ස්වයං කඩාකප්පල්කාරී වුණා නොහැක,Bad
ඔව් ටීචර් කෑගැසුවා මට,Bad
මම ගෙදර වැඩ කරලා නැති නිසා අද ටීචර් මට හොඳටම බැන්නා,Bad
කාලසටහන බලලා හෙටට සූදානම් වුණා.,Normal
අද රෑ වැඩේදි හිතවත් අය එක්ක හොඳින් වැඩ කළා සතුටුයි,Happy
මම මගේ පාසල් මිතුරන් හමු වී බොහෝ සතුටක් ලැබුවා,Happy
අද මට වැඩි අසනීපයක් නෑ.,Normal
අපි සත්වෝද්යානයට ගිහින් සතුන් බලලා ෆෝන් එකෙන් ෆොටෝ ගත්තා සතුටුයි,Happy
හිත හරිම අවුල් වෙලා,Bad
හැලොවීන් සඳහා කුඩා පුස් පැටවෙකු පමණි,Bad
අද උදේ ටිකක් සැහැල්ලුයි.,Normal
මම සිනමා ශාලාවට ගියා,Happy
මෙය මානසික අවපීඩනයද මානසික ප්රගතියද යන්න කිව නොහැක,Bad
ඔවුන් සැලකිල්ලක් දක්වන නමුත් ඔවුන් සලකන්නේ නැහැ,Bad
අද කාර්යාල කටයුතු සාමාන්ය ලෙස සිදු වුණා.,Normal
නෑ අද හොඳ නෑ,Bad
අද කුඩා කතාබහක් කරලා හිටියා.,Normal
අද කාලය ටිකක් මන්දගාමී වගේම ගියා.,Normal
යාලුවන් එක්ක ටිකක් කතා කළා.,Normal
මොකද වෙන්නේ අපි කතාව නවත්තමු,Bad
අද මට ගොඩක් සතුටුදායක දවසක් වුණා,Happy
නෑ අවුලක් වුණේ නෑ,Normal
මට සතුටක් දැනුනා,Happy
ඔබේ පෞරුෂය කැත නම් ඔබ කෙතරම් ආකර්ෂණීයද යන්න මට ප්රශ්නයක් නැහැ,Bad
අද පාඩම් කරන අතර තේ කෝප්පයක් බිව්වා.,Normal
අද කාර්යාල කටයුතු නිතර පරිදි සිදු වුණා.,Normal
අද පාසල් වල පන්ති සාමාන්ය ලෙස පැවැත්විණි.,Normal
මම වේදනාවට නොසන්සුන් වෙනවා,Bad
වචනාර්ථයෙන් කිසිවෙකු මා වෙනුවෙන් කිසිදා නොඉන්නු තියෙනවා,Bad
කරුණාකර මම ඔබෙන් කන්නලව් කරනවා වගේ මට කතා කරන්න කෙනෙක් ඕන,Bad
අද චිත්ර පන්තිය සාමාන්යයි.,Normal
මට නව රැකියාවක් ලැබුණා අභියෝගයක් වුණත් මට ආරක්ෂිත බවක් දැනුණා,Happy
ඔයාට මතකද ඔයා මම ඒකට සම්බන්ධ වුණාම,Bad
ගෙදර පිරිසිදු කරන්න ටිකක් උදව් කළා.,Normal
අදත් නිතර වගේම දවසක්.,Normal
මිතුරන් සමඟ රැඳී ඉන්න එක,Happy
මම ඔයාට ආදරෙයි කියලා කියන්න තීරණය කළා,Happy
මම මගේ සහෝදරියගේ විවාහයට ගියා මම මගේ පවුලේ සියලු සබඳතා මුණගැසුණා විවාහයේ බොහෝ විධිමත් කිරීම් මම කාර්යයෙන් බොහෝ සතුටක් ලැබුවා,Happy
ඇයි මම තවමත් ජීවතුන් අතර,Bad
ඔබ කතා කරන තුරු ඔබ සමඟ ආදරයෙන්,Bad
මම මගේ බෙහෙත් ගැනීම නවත්වන්න යනවා,Bad
නෑ නෑ විශේෂ දෙයක් නෑ,Normal
හිත හරිම සරලයි සතුටින්,Happy
මම හොස්පිට්ල් එකට ගියා,Happy
අද හිතුවේ නැති දෙයක් වුනා ඒත් විශේෂ නෑ,Normal
අද පන්තියේ සාමාන්ය පාඩමක් තිබුණා.,Normal
මම අතුරුදහන් වන එක් දිනක් කවදාද කියලා මම කල්පනා කරනවා,Bad
මම මගේ ගෙවත්තේ එළිමහනේ වාඩි වී මගේ මුහුණට බැබළෙන හරිත හා හිරු එළිය විඳගත්තා,Happy
අද practice questions කිහිපයක් කරලා බැලුවා.,Normal
මගේ මානසික අවපීඩනය ඇත්තටම රෑ බෝ වෙනවා,Bad
අද කුඩා වැඩ ටිකක් හරිම හොඳට කරා.,Normal
හඑම්ඔම් මට වඩාඅ කාඅර්භඅඋල්යෛ මම හෛත්නනේ මම ඔඅවුන්ගේ කාලාස්ය වටඉන්නේ නෑහේ,Bad
මම ඊයේ මගේ පැරණි පාසලට ගියා,Happy
නිතුවට නැති දෙයක් වුනා ගොඩක් සතුටුයි,Happy
මෑතකදී සැතපුම් 2500 කට වඩා එහාට ගිය මගේ සහෝදරියට කතා කරන්න ලැබීම ඇය තිත්ත මිහිරි වුණා ඇය ඉතා සතුටු වන අතර ඇය ඇය ගැන මා සතුටු වුණා,Happy
අද හිතේ බරක් නෑ.,Normal
ඉහළම සැත්කම හෙට,Bad
දවස පුරා විශේෂ දෙයක් සිද්ධ වුණේ නෑ.,Normal
අද wifi එක වැඩ කළා.,Normal
අද පොඩි ගමනක් ගියා.,Normal
මම මිතුරන් සමඟ පොඩ්කාස්ට් එකක සජීවී දර්ශනයකට ගියා,Happy
මම හැමෝගෙම ප්රශ්න හොඳින් විසඳගන්න එන කෙල්ල මම මේ කෙල්ලට ඇයගේම ප්රශ්න තියෙනවා මම ඇයලට පෙන්නුවෙනවා නැහැ උනාට,Bad
හෙට පාසලට ගන්න දේවල් ලිස්ට් කළා.,Normal
ඇනරැක්සිය අවපීඩනය මත්ද්රව්ය භාවිතය සහ සෞඛ්ය පන්තියේ සියදිවි නසා ගැනීම ගැන කතා කිරීම මා මහතා කැත බවත් මා මෙහි නොහිටිය යුතු බවත් මට අවබෝධ කරවයි,Bad
අද පොඩි වැඩ ටිකක් කරගත්තා.,Normal
මට විශේෂ දෙයක් දැනුනේ නෑ,Normal
උපන්දිනයට සුබ පැතුම්,Happy
අද වැඩ ටික සාමාන්ය මට්ටමේ තිබුණා.,Normal
අද පන්තියේදී හොඳම යාළුවා මගේ වැඩේ කඩලා දැම්මා මට හරිම කණගාටුයි,Bad
දෙපස හොඳින් නොබලා පාරේ ඇවිදින්න,Bad
මම අද සතුටෙන් ඉන්නේ,Happy
මට කම්මැලි ලෙස ඉන්න හිතෙනවා අද,Normal
මම මගේ ව්යාපාරයේ විකුණුම් කළා ඒකෙන් මට සතුටු හිතුණා,Happy
අද දවස ගැන විශේෂ දෙයක් නෑ.,Normal
පියවරුන්ගේ දින තෑග්ගක් සඳහා මුදල් ඉතිරි කර ගන්න මට හැකි වුණා,Happy
ඔව් යාළුවෝ මට හිනා වුණා,Bad
අද යාළුවෝ මාව එක්ක සෙල්ලම් කළේ නෑ… මට දුකයි,Bad
අද වැඩ කරන අතර කාලය ඉක්මනින් ගියා.,Normal
අද ඉස්කොලේදී යාලුවා මගේ පිටිපස්සේ නරක දේවල් කිව්වලු මට හරිම දුකයි,Bad
අද අම්මා එක්ක ගෙදර වැඩ කරලා සතුටු වුණා,Happy
මට නිකන් ඉන්න වගේයි,Normal
කමක් නැහැ,Normal
උදේ සිට සවස වෙනකල් වැඩ කරමින් හිටියා.,Normal
සතුටුයි කියලා හිතෙන්නෙත් නෑ,Normal
බස් එකට නගින්න ටිකක් queue එක තිබුණා.,Normal
අද ගෙදර අය සියලුදෙනාම හිටියා.,Normal
මම විරුද්ධභාසයක් වෙනවා මම සතුටු නොවෙනවා දුක නොවෙනවා මම ලස්සන දේවල් වලට සිනාසෙමි හාස්යජනක දේවල් වලට සිනහ නොවෙනවා නමුත් රෑ වන විට මම හැඟීම් සහ සිතුවිලි වල අවුල් ජාලයක් බවට පත් වෙනවා,Bad
ඈත ගිය මගේ යාළුවෙක් මට අපි ගැන විහිළු මතකයක් එව්වා සතුටුයි,Happy
මගේ බිරිඳ සමඟ රසවත් රාත්රී ආහාරය කෑවා සතුටුයි,Happy
මට සෝඩා පානයක් තෑගි ලැබුණා ඒක රසයි සතුටුයි,Happy
අද teacher එක කියපු දේ සරලයි.,Normal
මගේ මිතුරා සමඟ වීඩියෝ ක්රීඩාවක් කරමින් ඵ,Happy
අද උදේ අහස ටිකක් වැස්සා.,Normal
ඔබ ලස්සන හෝ මිය ගියහොත් මිස ඔවුන් ගණන් නොගන්නා බව සත්යයකි,Bad
අද tuition class එකට ගියා.,Normal
අද ගෙදර කතාබහ ටිකක් තිබුණා.,Normal
මගේ යාළුවා අද මට නරක වචනයක් කිව්වා. මට හරිම දුකයි,Bad
ඒක බොහෝ දේ සිදු වන අතර මම ඒක භාවිතා කරනවා,Bad
මම යෝගය නැව්වා,Happy
මම සිහින දකිනවා මම මැරෙනවා කියලා මගේ ජීවිතයේ කවදාවත් එතරම් සහනයක් දැනුණේ නැහැ,Bad
මම ඉතා රසවත් දිවා ආහාරය ගත්තා,Happy
අද යාළුවා මගේ කරපු වැඩක් හොරකම් කළා. මට තරහයි. ඒත් කියන්නත් බෑ,Bad
මම සනුවකින් පසු මගේ බබෙල් බංකු මුද්රණාලය මත ඉදිරියට ගියා,Happy
චිකිත්සාව සෑම විටම මෙන් නරක ය,Bad
මම උාඥාව්න පඅස්ල සතෛය් පෞරම් වාසඅ තබන බව මට කාීව නමඋත් ගෞරව්රෞන්ට් තවමත වඇටුප් ගෙව්නාෟ ොත්,Happy
අද පන්තියේ අවධානය සාමාන්යයි.,Normal
මම එම ස්ථානයෙන් බැස ගිහින් මා ආවෙන මිතුරෙකු පිළිගනු ලැබීය,Happy
සමහර දිනවල මට සියල්ල එකවර දැනෙනවා,Bad
බොඳ වීම සීතල නැහැ වෙනවා,Bad
මම කල්පනා කරන්නේ මම ජීවත් වීමට හෝ මගේ නින්දේදී මිය යන්න යන්නේ කියලා හිතන සෑම දිනකම අවදි වන නරකම දෙය කුමක්ද,Bad
ඒක නැවත ආවාේවා,Bad
මට ජීවත් වීමට වේදනාව දැනිය යුතුය,Bad
මගේ ඔළුවෙනවා කටහඬ වැඩි වෙන්න,Bad
අද ගෙදර සද්ද ටිකක් වැඩියි.,Normal
අද මගේ මනස සැහැල්ලුවෙන් හිටියා. ඒ නිසා දවස සතුටින් ගත වුණා,Happy
මගේ හිත රිදෙනවා,Bad
දිගු වෙහෙසකින් පසු හොඳ නින්දක් ලැබුණා ඒක මට සතුටුයි,Happy
ඔබ මිය යන්න පෙර ඔබම තොප්පිය ආරම්භ කරන්න පෙර ඔබ මානසික අවපීඩනයට පත්වීමට පෙර ඔබ ඉන්න පුද්ගලයා ඔබටම මග හැරේ,Bad
අද දවස සරලව ගෙවුණා.,Normal
අද හිතේ අධික සතුටක්ත් නැහැ.,Normal
අද කුඩා සටහන් ටිකක් සකස් කළා.,Normal
විශේෂ දෙයක් නෑ,Normal
මම මගේ පවුල සඳහා සම්පූර්ණ උදෑසන ආහාරය පිසුවෙනවා,Happy
මම කියනවා ඒක හොඳයි කියලා නමුත් මම කවදාවත් කියන්නේ ඒක රිදෙන්නේ නැහැ කියලා,Bad
ඔව් යාළුවෝ මාව දාලා ගියා,Bad
ගමනේදී සංගීතය අහලා හිටියා.,Normal
අද යාලුවෙක් එක්ක කතා කළා.,Normal
අද කාලය අහම්බෙන් ඉක්මනින් ගියා.,Normal
අද පාඩම් අහලා ගෙදර ආවා.,Normal
ඊයේ රෑ අයාලේ ගිය පූසා අන්තිමට ගෙදර එන පාර හොයාගත්තා ඒකෙන් මට සතුටු හිතුණා,Happy
අද මගේ යාලුවා මාව අනිත් අයට බෑඩ් විදිහට කියලා දැම්මා මට හරිම දුකයි,Bad
අද වෙළඳපොළේ මිල ගණන් වෙනසක් නැහැ.,Normal
වෙලාවට පාසලට යන්න පුළුවන් වුණා.,Normal
මම ඊයේ මුළු දවසම මගේ ආදරය සමඟ ගත කළා සතුටුයි,Happy
ඔව් මගේ වැඩේ වැරදුනා,Bad
මම රැකියාවෙනවාදී හඳුනා ගත්තා,Happy
හැමදේටම එපා කියන්න,Bad
මම මගේ බල්ලා සමඟ පිටතට ඇවිදින විට හිරුගේ උණුසුම දැනුණා,Happy
ඔහු යහපත් දේවල් කරලා විශ්වාසය ගන්න කැමතියි,Happy
ප්රධාන ප්රශ්නය විසඳීම ගැන මම නිසා හැමෝම සතුටු වෙනවා,Happy
අද water bottle එක අරගෙන ගියා.,Normal
යාලුවා එක්ක අද රන්ඩු වුනා දැන් අපි කතා කරන්නේ නෑ මට හරිම කනගාටුයි,Bad
ඔබ හිතන තරම් යමෙකුට ඔබ වැදගත් නොවන බව ඔබට තේරෙන විට ඒක කනගාටුදායකය,Bad
සෙනසුරාදා විශාල ප්රජා අංගනයක් විකිණීමක් තියෙනවා බව මම දැන හිටියෙමි,Happy
අද පන්තියේදී යාළුවා මට උදව් කළේ නෑ මට තනියම කරන්න වුණා අමාරුයි,Bad
මම හී සම්මුඛ සාකච්ඡාවක් ලබා දුන්නා ඒක වෙන කවරදාටත් වඩා මට සතුටක් දැනුණා,Happy
ඔව් දුක වුණ එක අමතක කරන්න කැමතියි,Bad
අද වැඩ කළා එත් හිතට බරයි,Bad
අද පොඩි කාර්යයක් ඉවර කළා.,Normal
ගෙදරට ආපු වෙලාව සාමාන්යයි.,Normal
අද උදේ ටිකක් ප්රමාදව ඇහැරුණා.,Normal
මගේ සැමියා සහ මටමා ඇයගේ නිවාඩු දිනයේ වෙළඳ සංකීර්ණයට ගිහින් කාලගුණය පරිපූර්ණ වුණා,Happy
හරි කම්මැලියි අද,Normal
අද පාඩම් ටික කරා.,Normal
මම මිතුරෙකු සමඟ රාත්රී භෝජන සංග්රහයට ගොස් සහයෝගීතාවයේ විශිෂ්ට සන්ධ්යාවක් භුක්ති විඳෙමි,Happy
අද පන්තියේ කාලය ගෙවුණා.,Normal
ඔබ නොවීමට හේතුව පැහැදිලි කරනවාට වඩා ඔබ හොඳින් ඉන්න බව පවසන්න,Bad
මම පොත් සමාජයකට ගියා සතුටුයි,Happy
අද යාලුවෝ එක්ක පොඩි කතාවක් තිබුණා.,Normal
අද හිතුවෙවත් නැති විදියට මගේ අතින් ලොකු ගානක් වියදම් වුණා,Bad
අම්මා මගේ රථය සෝදා පිරිසිදු කරලා තිබුණා සතුටුයි,Happy
මගේ බිල්පත් නියමිත වෙලාවට ගෙවා තියෙනවා,Happy
සමහර විට යමක් රිදවන තරමට ඒක රිදවන්නේ නැහැ,Bad
අද හිත සාමාන්‍ය විදියට,Normal
අද දහවල් වොඞ්ඒ ට මගේ සැමියා හදිසියේම නිවාඩු සංචාරයක් සඳහා සැලසුම් කළා ඔහු මුළු ගමනටම ටිකට් පතක් වෙන්කර ගත්තා,Happy
අද භූගෝල පාඩම සාමාන්යයි.,Normal
අද ඉස්කෝලේදී යාළුවෝ එක්ක රණ්ඩු වුණා… හරිම දුකයි,Bad
අද අයියාට ටිකක් උදව් කළා.,Normal
මාස ගාණක් කැඩිලා තිබ්බ ජනේලයක් හදලා දුන්නා,Happy
උදේ ඇඳුම් අඳිලා සූදානම් වුණා.,Normal
මගේ නැන්දම්මා මට සල්ලි දුන්නා ඒ නිසා මට තනියම ගන්න බැරි යෝගට් ටිකක් ගන්න පුළුවන් වුණා,Happy
අද හවස සුළඟ ටිකක් තිබුණා.,Normal
අද කාලය වැඩ අතර හරිම මෘදුයි.,Normal
අද මගේ හිත සැහැල්ලුයි,Happy
ඊයෙ රෑ මයි නංගී අතර පොඩි අවුලක් වුණා. එයා තාම පොඩි නිසා මට ඉවසන්න තිබුණා. ඒත් දැන් වෙච්ච දේ වෙලා ඉවරයි,Bad
වැඩ ඉවර කරලා සවස ගෙදර ආවා.,Normal
මගේ ජීවිතයේ අද දවස මට විශේෂයි සතුටුයි,Happy
මට කම්මැලි විදියට ඉන්න හිතෙනවා,Normal
ඔව් අමාරු දෙයක් වුණා,Bad
පාලි නෑ මම කම්මැලියි මම මෙතන ඉඳගෙන කර්මයෙන් ඔබව අවුල් කරන්න ඉඩ දෙන්න,Bad
ඔයා මට කරනවද මම දන්නේ නැහැ මම කියලා,Bad
අදත් ලේසිව ගියා.,Normal
අද එත් හරිම සතුටුයි,Happy
tuition එකේ notes ටික සකස් කළා.,Normal
මම හොඳ කෝපි කෝප්පයක් ගත්තා,Happy
අද කම්මැලි ලෙස ඉන්නවා,Normal
සියදිවි නසාගන්නවා සෑම විටම ඔබේ හිසට හෝ තුවක්කුවක් එල්ලා නොගන්න,Bad
අද මට වැඩට යන්න වුණේ නැහැ,Happy
අද දුම්රිය කාලසටහනට අනුව ධාවනය වුණා.,Normal
ස්පොයිලර් තවමත් ප්රමාණවත් නොවෙනවා,Bad
අද අනපේක්ෂිත වියදමක් වුණා,Bad
කරුණාකර වේදනාව ඉවත් කරන්න,Bad
මට ඕන අයින් වෙන්න ඕන මගුල මෙතනින් අයින් කරන්න,Bad
කඩා වැටේ,Bad
අද කාලය නිතර වගේම ගියා.,Normal
අද වැඩ කරලා හවස නිදාගන්න ගියා.,Normal
අද මායි සුනිල්යි අතර අවුලක් වුනා මම දැන් එයා එක්ක කතා කරන්නේ නෑ,Bad
මිනිසුන් බලා ඉන්න විට මම වෛර කරනවා,Bad
අද කාලය සාමාන්ය ලෙස ඉවර වුණා.,Normal
මම මේ මොහොතේ ප්රතිසංස්කරණය කරමින් ඉන්න පරණ මලකඩ සහිත වැඩ බංකුවක් සෑහෙන ප්රගතියක් ලබා තියෙනවා. නව තීන්ත සමඟ ඒක අලුත් ලෙස පෙනෙනවා,Happy
ජීවිතය කෙටි බව මට මතක් වෙලා හොඳ සම්බන්ධතා වටිනා බව තේරුණා ඒකෙන් මට සතුටුයි,Happy
මට සතුටෙන් ඉන්න පුළුවන් වුණා,Happy
අද හරිම සතුටුයි,Happy
අද හෙටට meal plan එක හදාගත්තා.,Normal
මට හැඟීමක් තියෙනවා වීමට ඕන නැහැනම් මට ඒක තිබිය නොහැකි බව මාව පෑමට මම කැමතියි,Bad
හිත සන්සුන්,Normal
අද මහ කාලකන්නි දවසක්,Bad
අද මට ව්යායාමයක් කරන අතරතුර වේගයෙන් දුවලා ඉලක්කය සම්පූර්ණ කරන්න හැකි වුණා,Happy
කඩදාසි කැපීම ඉතා කුඩා නමුත් ඉතා නරක ය,Bad
මට ගරු කරනවා මම ඔයාට ගරු කරනවා මට අගෞරව කරනවා ඔයාට මගුලක්,Bad
මගේ වෛද්ය පරීක්ෂණ ප්රතිඵල අනුව සෞඛ්ය තත්ත්වය හොඳයි කියලා දැනගත්තා මට සතුටු හිතුණා,Happy
මම මෙතන ඉන්නවා වගේ පෙනුනත් තියෙනවාුළෙන්ම මම කඩෙමින් ඉන්නවා,Bad
කෑම කෑවා.,Normal
අද දවස සාමාන්ය රටාවට අනුවයි.,Normal
හිතට සතුටු හැඟීමක්,Happy
අද වැඩට යෑම සාමාන්ය විදියටම වුණා.,Normal
මගේ මිතුරන් සඳහා සිරගෙවල් සහ මකරුන් ව්යාපාරයක් පවත්වාගෙන යාම ගැන මම සතුටු වුණා,Happy
අද lesson එකේ points ටික ලියාගත්තා.,Normal
හිතාගෙන හිටියට වඩා මුදල් ගියා,Bad
අද ලොකු වෙනසක් දැනුනේ නෑ.,Normal
අහෝ සිසිල් සමාජය තවමත් ගොරෝසු වේවා,Bad
මම අලුත්ම ලස්සන ඇඳුමක් මිලදී ගත්තා,Happy
නෑ ඔහේ පන්ති ගියා,Normal
කරන්න දෙයක් හිතෙන්නේ නෑ,Normal
ඊයේ වගේම අදත් සාමාන්යයි.,Normal
මම අවසානයේ මගේ ලිපිය වැඩ සඳහා ලියා අවසන් කලා,Happy
පන්දු යැවීම කොර වුවත් මගේ පවුලේ අය සමඟ පන්දු යැවීමට ගියා,Happy
දැන් හිත සාමාන්‍යයි,Normal
ඔව් මට අමාරු කළා,Bad
මම ක්රීම් චීස් සමඟ බේගල් එකක් වීමට කැමතියි,Normal
උදේ සිට සවස වෙනකල් නිතර වැඩ.,Normal
මම මගේ පිඟන් සියල්ලම පිරිසිදු කළා සතුටුයි,Happy
කේන්දර ගොඩක් දේවල් රිදෙනවා,Bad
මගේ හිසෙහි නැවත ධාවනය යන වචනය මගේ හදවත සිදුරු කරයි,Bad
මට ඇත්තටම වැඩ කරන්න අවශ්ය සමාගම සමඟ මම සම්මුඛ පරීක්ෂණයකට ආපුයෙමි,Happy
අද කරදරයක් නෑ සතුටක්වත් නෑ,Normal
ආත්මයන් හිස් මනස නැහැ කර ගන්න,Bad
අද හිතේ කිසිම අධික හැඟීමක් නැහැ.,Normal
ඔව් යාළුවෙක් මට නරක දෙයක් කිව්වා,Bad
නෑ හැමදේම හොඳයි,Normal
ඔබ ඇත්තටම මම හොඳින් ඉන්නවා කියලා හිතන එක ලස්සනයි,Bad
ශක්තිමත් මිනිසුන් තමන් වෙනුවෙන් පෙනී ඉන්න නමුත් ශක්තිමත් මිනිසුන් අන් අය වෙනුවෙන් පෙනී ඉන්නු තියෙනවා,Bad
අද ගෙදර කෑම සාමාන්යයි.,Normal
සාමකාමී මරණයක් හැර මට කිසිවක් නිර්දේශ නොකරන්න,Bad
මම උදේ ඇහැරෙනකොට මගේ මහත්තයා මට “මම ඔයාට ආදරෙයි” කියලා කිව්වා.,Happy
අද එත් හිතට සතුටක් නෑ,Bad
අද යන්න වුනා එත් වැඩිය වැදගත් නෑ,Normal
අද උදේ දවස හොඳින් ආරම්භ වුණා.,Normal
මගේ ස්වාමිපුරුෂයා මගේ මෝටර් රථයේ වායුසමීකරණය සවි කර තියෙනවා අතර ඒක මා දැන් ඉන්න ස්ථානය ඉතා උණුසුම් බැවින් ඒක ඉතා විශිෂ්ටයි,Happy
පොත් පත් සකස් කළා.,Normal
මම හරිම සතුටින් හිටියා අද,Happy
මම බරක් වෙනවා,Bad
අද ඉස්කෝලේ යාළුවෝ මාව පිටුපස්සට දාලා ගියා මට හරිම දුකයි,Bad
මනස නිදහස් කරගෙන හොඳ දේවල් ගැන හිතනකොට මට සතුට වැඩි වෙලා දැනුණා,Happy
මට සමාජ මාධ්ය දොපමයින් ඇබ්බැහි වීමේ අවසාන වමනය පමණක් වන අතර මම මට ඩ්රැග්ස් දෙමි,Bad
අද ගමනාගමනය නිතර වගේමයි.,Normal
අද ගෙදර ඉඳලා වැඩ ටික කළා.,Normal
අපේ ගෙදර ජල සම්බන්ධතාවය සකස් කරලා දැන් ලේසිව ජලය ලැබෙනවා ඒකෙන් මට සතුටුයි,Happy
යාළුවෝ එක්ක අද ගොඩක් කාලෙකින් රණ්ඩු වුණා මට හිතට වගේ නෑ,Bad
අද කාර්යාල කාලය සාමාන්යයි.,Normal
මට කම්මැලි විදියට හිටියා,Normal
notes ටිකක් අලුත් කරගත්තා.,Normal
මම අද වැඩට යන්න කලින් ගෙවීම් ටික ගෙවලා දවස සූදානම් කරගත්තා,Happy
අද උදේ ගෙදර එන ගමන් මට ලස්සන දෙයක් දකින්න ලැබුණා. ඒකෙන් මගේ හිත සතුටු වුණා,Happy
මට මගේ ජරා බියකරු සිහින වලින් අවදි වෙන්න ඕනය,Bad
සතුටුත් නෑ දුකත් නෑ.,Normal
මම මගේ හොඳම මිතුරා සමඟ සිනහවක් බෙදා ගත්තා,Happy
ඔව් යාළුවෝ එක්ක ගොඩක් සෙල්ලම් කළා,Happy
අද පාසලෙන් ආපහු ගෙදර ආවා.,Normal
මට ගොඩක් වටින්නේ නෑ වගේ,Bad
අද දවස හොඳට manage කරගත්තා.,Normal
ඊයේ මගුලක් දෙන්න එපා අද මගුලක් දෙන්න එපා සමහරවිට හෙට මගුලක් දෙන්නේ නැහැ,Bad
මට හොඳ රාත්රී නින්දක් ලබා ගන්න හැකි වුණා,Happy
අද මගේ යාලුවා මට බොරු කිව්වා මම එයාව විස්වාස කලා දැන් හිතට අමාරුයි,Bad
මම වැඩ ඉවර වෙලා යාළුවොත් එක්ක බොන්න ගියා,Happy
ඇයි මම මගේ අභ්යන්තර සුන්දරත්වය ගැන උද්යෝගිමත් නොවන්නේ,Bad
අද phone එක charge කළා.,Normal
අද අපේ ව්යාපෘතිය සඳහා සූදානම් වීම අවසන් කරලා සතුටුයි,Happy
අත්හැරීමට පෙර ඔබට කොපමණ වේදනාවක් විඳින්න සිදු වෙනවද,Bad
නවත්වන්න අං,Bad
අද දවසේ වැඩ බෙදාගෙන කරගත්තා.,Normal
මගේ සේවායෝජකයාගේ නව රැකියා අවස්ථාවක් ගැන නැවත ඇසීම මා සතුටට පත් කළේය,Happy
උදේ සිට රෑ වෙනකල් සාමාන්ය කටයුතු කළා.,Normal
පසුගිය මාස දෙකකට පෙර මම මගේ ගෙවත්තේ සමනලුන් පොකුරක් අධික වර්ෂාවකින් බේරා ගන්නවා ඔවුන් මත නවාතැන් පහසුකම් සැපයීම නිසා මට ඉතා සතුටක් දැනුනා,Happy
මම ටයර් විතරයි,Bad
මම නිල වශයෙන් උත්සාහ කරනවා ඔබට මාව ඔබේ ජීවිතයට අවශ්ය නම් ඔබට මාව සොයා එන්න පුළුවන් එතෙක් ම නොපවතින ආකාරයට මට සලකන්න,Bad
කිසිම දෙයක් මම කවදාවත් ඔයාට හොඳ නැහැ,Bad
අද සිරි එක්ක කතාවක් වුණා එයා හරි කැත කතාවක් කිව්වා මට දුකයි,Bad
අද යාලුවන් එක්ක ටිකක් හිනා වුණා.,Normal
ඔබ නොදැනුවත්වම ඔබ නැහැ විට පවා ඔබට තනිකමක් දැනෙන අතර සමහර විට ඔබ වැරැද්ද කුමක්ද කියලා නොදනී,Bad
අද දවල් කෑම ටිකක් හොඳයි.,Normal
මම මිතුරෙකු සමඟ රාත්රී ආහාරය ගත්තා,Happy
අද මට සතුටු දවසක් වුණා,Happy
අද හිතේ ලොකු බරක් නැහැ.,Normal
අද උදේ දවසේ සැලැස්ම හදාගත්තා.,Normal
අද ගණිත පාඩම සාමාන්යයි.,Normal
නෑ වැඩියක් වුණේ නෑ,Normal
අද ගොඩක් සතුටු දවසක්,Happy
අද දවසේ වැඩ ටික සාමාන්යයි.,Normal
නරකම දෙය නම් තනිව ඉන්න එක සම්පූර්ණයෙන්ම අමතක වී යාමෙන් මඟ හැරීම සඳහා රැවටිලිකාර ගොන් කතා වලට බොරුව භාවිත කිරීමයි,Bad
රැඳී ඉන්න එකට උත්සාහ නොකරන කෙනෙකුට ඔබේ හදවතේ ඉඩක් ලබා දීමට කරදර නොවන්න,Bad
අද හවස ගෙදරට ඉක්මනින් ආවා.,Normal
අද extra class එකක් නෑ.,Normal
අද කාර්යාල රැස්වීමක් තිබුණා.,Normal
සමාවෙන්න මම ඔබව මත්ද්රව්යයක් බවට පත් කරනවා,Bad
අද හිත සන්සුන්,Normal
සමහර වෙලාවට මට මතකයි මම ඉන්නවා කියලා සහ මම අනේ නෑ වගේ,Bad
උදේ මම ඇයව අවදි කරන විට මගේ පුතා මාව ලොකු බදාගත්තා ලොකූ බදාගත්තා,Happy
ඔබේ මව සමඟ ඔබේ සම්බන්ධය කෙතරම් විකාර සහගත ද කියලා ඔබට තේරෙන තුරු ඒක සිදු වෙනවා,Bad
මට කරන්න හිතෙන්නේ නෑ අද,Normal
අද වෙනස් දෙයක් වුනා හිතට හොඳයි,Happy
ඔව් මට හොඳ දෙයක් කිව්වා,Happy
ඔහු මට පහර දුන්නා,Bad
මම උත්සාහ කරන්න කැමති නව වට්ටෝරුවක් පිසුවෙනවා,Happy
නෑ අද එහෙම විශේෂ දෙයක් නෑ,Normal
මට ගොඩක් කනගාටුයි,Bad
මම නිවස පිරිසිදු කළා,Happy
ටීචර් මගේ වැඩේ කඩලා දැම්මා… හරිම අමාරුයි,Bad
මම මගේ පෙම්වතිය සමඟ ගැලැක්සි ෆෝ හි භාරකරුවන් බැලුවා,Happy
උගුලක් සහ හුස්ම හිරවීම වැනි හැඟීමක්,Bad
ලොකු ගානක් අනපේක්ෂිතව වියදම් වුණා,Bad
මම මෑතකදී කරන ලද ව්යාපෘතියකදී මම කළ කාර්යය සහකරුවෙක් මගේ අධීක්ෂකවරයාට ප්රශංසා කළා,Happy
යථාර්ථයේ දී ඔබ මායිමට ළං වූ විට හොඳින් ක්රියා කිරීම සහ සැමවිටම ශක්තිමත් වීම කෙතරම් වෙහෙසකර දෙයක් ද කියලා කිසිවෙකුට සැබවින්ම තේරෙන්නේ නැහැැයි මම හිතනවා,Bad
අද මගේ යාලුවා මට කුණු කතා කිව්වා,Bad
අද shop එකට ගිහිං අයිතම් දෙකක් ගත්තා.,Normal
ඊයේ රෑ මයි නංගී අතර පොඩි අවුලක් වුනා එයා තාම පොඩි නිසා මට ඉවසන්න තිබුනා ඒත් දැන් වෙච්ච දේ වෙලා ඉවරයි,Bad
මම මගේ ප්රියතම චිකන් අල්ෆ්රෙඩෝ කෑවා,Happy
අද කාලය සාමාන්ය ලෙසම ගියා.,Normal
පුංචි කතා හැම විටම මට සිදු වූ නරකම දේ වෙනවා,Bad
මම පාර පනිනකොට දෙපැත්ත බලනවා කියන එක නවත්තනවා මම කියන්නේ කවුද හරියන්නේ කියලා,Bad
නෑ කවුරුත් එක්ක ප්‍රශ්නයක් නෑ,Normal
යාලුවා එක්ක අද විකට් සෙල්ලමකදී රන්ඩු වුනා එයා මට ගැහුවා හරිම දුකයි,Bad
මම වැඩ කරන සේවාදායකයෙකු සඳහා ධනාත්මක ප්රතිඵලයක් ලබා ගත්තා,Happy
මගේ අම්මා නිතරම මට කියනවා ඔයාට ලස්සන දෙයක් කියන්න බැරි නම් කිසිම දෙයක් කියන්න එපා කියලා සමහර අය අහනවා ඇයි මම මේ තරම් නිහඬව ඉන්නේ කියලා,Bad
මගේ හදවත මෝඩ වේවා,Bad
පන්තියේ කෙල්ලෙක් මාව ඇන්දා… මට හරිම දුකයි,Bad
චිකිත්සාව හෙට ඒක බලාපොරොත්තු වෙනවා,Bad
මම මගේ පුතාගේ ව්යාපෘතිය කරන්න උදව් කළා,Happy
පෙබරවාරියේ අපි මගේ සහෝදරියගේ උපන්දිනය අවන්හලකදී සැමරුවා ඒක සතුටු දවසක්,Happy
මට කම්මැලි දැනෙනවා,Normal
ඔව් පන්තියේ වැඩේ හොඳට කළා,Happy
අමාරු දවසක් හිටියා,Bad
බෑග් එකේ පොත් හදාගත්තා.,Normal
මම අවසානයේ මගේ පරිගණකය සවි කර තියෙනවා දැන් මට කළ යුතු දේවල් කරන්න ආපසු යා හැක,Happy
මුකුත් කරන්න හිතෙන්නේ නෑ අද,Normal
මගේ යාළුවාගෙන් හොඳ ආරංචියක් අහලා මට සතුටු හිතුනා,Happy
අද timetable එකට අනුව වැඩ කළා.,Normal
මම නගර පාලනයේ රැකියා සඳහා ප්රවෙනවාශ විභාගයකින් සමත් වූ බව මට දැනගන්නට ලැබුණි,Happy
මම හොඳින් ඉන්නවා කියලා මට පසුතැවෙන්න එපා අහන්න,Bad
අද පන්තියේ අලුත් assignment එකක් ලැබුණා.,Normal
අනාගතය කරදරකාරී වනු තියෙනවා,Bad
හයි ඔබට මගේ නව පොත කලින් ඇනවුම් කළ හැකිද ස්තූතියි,Normal
මම මගේ නේවාසික මිතුරා වන රයන් සමඟ අපේ මහල් නිවාසයට නැඟෙනහිර දෙසින් නව මාවතක බයිසිකල් පැදීමක් ගියා,Happy
අද උදේ කෑම කාලා වැඩට ගියා.,Normal
මිතුරු හමුව,Happy
අද interval එක ඉක්මනින් ඉවර වුණා.,Normal
අද කුඩා විවේකයක් ගත්තා.,Normal
අද පාඩම් ටික හොඳින් කරගත්තා.,Normal
ඒක නොපෙන්වන නිසා ඒක රිදවන්නේ නැහැ,Bad
නෑ නෑ අමතක කරන්න දෙයක් නෑ හොඳයි,Happy
අද පොඩි වැඩ ටිකක් අතරින් දවස ගියා.,Normal
මගේ ස්වාමිපුරුෂයා මට ලස්සන ඇඳුමක් අරන් දුන්නා මට සතුටු හිතුණා,Happy
ගෙදරට ආවා.,Normal
මම ජීවිතය ගැන මානසික අවපීඩනයෙන් පෙළෙන නිසා ඉක්මනින් රැකියාවෙන් ඉවත් වන්න,Bad
මගේ මෝටර් රථයේ වීදුරු විවෘත කර ධාවනය කරන්න තරම් ඒක උණුසුම් වුණා,Happy
මොබයිල් එක බැලුවෙනවා ටික වෙලාවක් විතරයි.,Normal
අද උදේ වැදගත් වැඩකට බැංකුවට ගියා වැඩ හොඳින් කරගත්තා,Happy
අද ටිකක් විවේකයක් ගත්තා.,Normal
අද දවසේ විශේෂ සිද්ධියක් නැහැ.,Normal
මගේ ස්වාමිපුරුෂයා මගේ ප්රියතම කෑමක් විශේෂයෙන් මා වෙනුවෙන් මිල දී ගත්තේ දිගු කාලයකට පසුවය,Happy
නිව් යෝර්කාර් කාටූන් අදහස එල්ඩෝග් ව්යාපාරික හමුවක් වන අතර ඔවුන්ගෙන් එක් අයෙක් පවසන්නේ මට සුවඳ දැනෙන බවයි,Happy
මගේ හොඳම යාලුවා අද මට තරහා වුනා ඒකට මට හරිම කනගාටුයි,Bad
මම කරන සමහර දේවල් ගැන මම ආඩම්බර වෙන්නේ නැහැ නමුත් මම ඔවුන්ගෙන් ඉගෙන ගත් පාඩම් ගැන මම කෘතඥ වෙනවා,Bad
අද normal වෙලාවට කෑම කෑවා.,Normal
මගේ දරුවා අපූරු පින්තූරයක් අඳින්න සහ පින්තාරු කර අපි ඒක ෆේස්බුක් වෙත උඩුගත කරමු මට ඒ ගැන සතුටක් දැනෙනවා,Happy
සමහර විට ඔහු මා දකින ආකාරයට මා දුටු නිසා ඔහු පිටව යයි,Bad
අද සතුටක් දැනෙනවා,Happy
මගේ යාළුවා අද වෙන කෙනෙක්ව මට වඩා වැදගත් කරගත්තා. මට තනිකම දැනෙනවා,Bad
අද යාලුවන් එක්ක ලොකු කතාවක් නෑ.,Normal
මම ගෙදර ආවම මගේ අවුරුදු දහහත්වෙනි පුතා ගෙදර වැඩ ටික කරලා තිබ්බා ඒක දැකලා මට සතුටු හිතුණා,Happy
අද interval එකේ කෑම කෑවා.,Normal
ගිය සතියේ මම කැමතිම සංගීත සාදයකට සහභාගි වුණා,Happy
මම කෙල්ලෙන් කැඩෙනවා මට දැනෙනවා,Bad
අද වැඩේට හුරු පුරුදු විදිහට ගියා.,Normal
අද පන්තියේ කිසිම දෙයක් තේරුණේ නෑ… හරිම අමාරුයි,Bad
අද උදේ කුඩා වැඩ ටිකක් කරා.,Normal
මට ඒක කිසිදා සාක්ෂාත් කරගත නොහැකි බව පරිපූර්ණ වීම දැනෙන්නේ කෙසේද කියලා මම කල්පනා කරනවා,Bad
අද මට සතුටු හිතුණා,Happy
ඵලදායී වීමට මගේ මේසය සකස් කරලා වැඩ කලා,Happy
මම කැමතිම රූපවාහිනී වැඩසටහන ආවා,Happy
හිතට හරිම බරයි,Bad
මම වැඩ ඉවර වෙලා එකට ගිහින් බඩගින්නේ හිටියා ඩබල් ඩබල් එක හරිම රසයි,Happy
අද පාසල් ඉවර වෙලා ටිකක් දුර පයින් ගියා.,Normal
අද මායි මගේ හොඳම යාලුවයි අතර පොඩි ප්‍රශ්නයක් ඇතිවුණා අපි දෙන්නමද හිතේ දුකෙන් තමයි ගෙදර ගියේ,Bad
අද වෙනස් දෙයක් වුනා එත් හිතට විශේෂ දෙයක් දැනුනේ නෑ,Normal
මගේ පුතා අහම්බෙන් අම්මේ මම ඔයාට ආදරෙයි කියලා මාව බදාගත්තා,Happy
සමහර විට ඔබට බොහෝ දේ සිතීම නතර කර ඔබේ හදවත ඔබව ගෙන යන තැනට යා යුතුය,Bad
මම අද අන්තර්ජාලයෙන් හමුවූ ගැහැණු ළමයෙකු සමඟ කතා කළා,Happy
ඔබ වැදගත් නොවන විට ඔවුන් ඔබව නොසලකා හරින නමුත් ඔබ ඉන්න විට ඔවුන් ඔබව සදහටම හඳුනන අය මෙන් ක්රියා කරයි,Bad
ඊයේ සති දෙකක් නැහැ මගේ පෙම්වතිය සමඟ කතා කරන්න ලැබුණු විට මම සතුටු වුණා,Happy
මට වේදනාව අමතක කරවන දෙයක්,Bad
මම පන්දු අට්ක සංචිතයෙන් ලීග් තරගාවලියේ ඉහළටම ඇවිත් තියෙනවා,Happy
මගේ බල්ලා සමඟ සෙල්ලම් කළා,Happy
කාලෙකින් නොදැකපු යාළුවො ටිකක් දැක්ක ආයෙත් සම්බන්ධ වෙන එක හොඳයි,Happy
මම ඩොලර් හයක් උපයන වෙබ් අඩවුණාෙන් මගේ ඉලක්කය සම්පූර්ණ කළා,Happy
මම අවධානය ලබා ගන්න ප්රිය කරන අතර අවධානය ගන්න එක ගැන මා තැකීමක් නොකරන ලෙස මවාපානවා,Bad
නිකන් ඉන්නවා,Normal
මගේ රැකියාව දිවා ආහාරය ලබා දුන් අතර ඒක තියෙනවා්තෙන්ම හොඳයි,Happy
මගේ පෙම්වතිය සමඟ ඇවිදීම මට සතුටක් ගෙන දෙයි,Happy
අද කුඩා වැඩ දෙක තුනක් කරලා හිටියා.,Normal
මගේ යාලුවා අද මට කෙල්ලෙක් ගැන කුණු කතා කිව්වා හරිම තරහයි,Bad
ඇය අඬනවා නම් කිසිවක් නොකියා ඇයව බදාගන්න,Bad
මට පරණ යාළුවෙක්ගෙන් ඊමේල් එකක් ආවා,Happy
ඒක මගේ පාලනයෙන් ඔබ්බට වෙන්න ඕනය,Bad
හිතට සාමාන්‍යයි,Normal
මම මැරුණා නම් හොඳයි,Bad
හිතට නිකන් නෑ,Normal
කෙල්ලෝ හුරතල් වෙන්න නැහැ්නම් මොනවා හරි වෙන්න,Bad
නින්දට වැටෙද්දී වැස්සට ඇහුම්කන් දීමෙන් මට හොඳක් දැනුණා,Happy
අද හිතේ විශේෂ හැඟීමක් නැහැ.,Normal
අද තේරෙන දේවල් ටික මතක තියාගත්තා.,Normal
අද teacher දුන්න homework එක note කරගත්තා.,Normal
අවුරුදු ට පස්සේ මට මගේ ළමා මිතුරිය මුණ ගැහුණා,Happy
අද මට වැඩ කරන්න පෞද්ගලික වැදගත්කමක් තියෙනවා මෝඩ තොප්පියක් පැළඳීමට මම තීරණය කලා,Happy
අද දවසේ වැඩ ටික හොඳින් කළා.,Normal
මම මගේ සහකරු හෝ සහකාරිය සමඟ චිත්රපටයක් නැරඹූ අතර ඇය මගේ රිදුණු දෙපා අතගෑවාය,Happy
මම මගේ බිරිඳ සමඟ නිවාඩුවක් වෙන්කරවා ගැනීම ගැන කතා කලා,Happy
අද පන්තියේ කතා කරපු දේ සාමාන්යයි.,Normal
මම මටම අලුත් ඇඳුමක් ගත්තා ඒකෙන් මට සතුටුයි,Happy
මට ඔබ සමඟ කතා කරන්න අවශ්ය වන්නේ ඔබ ඔබේ ජීවිතයේ මෙතෙක් කර තියෙනවා සෑම නරක දෙයක් ගැනම ඔබට මතක තබා ගන්න බලය තියෙනවා එකම වාක්යයයි,Bad
බස් එකේ ගමන සාමාන්යයි.,Normal
අද උදේ මම හොඳ ව්යායාමයක් කළා,Happy
නෑ හැමදේම සාමාන්‍ය විදියට ගියා,Normal
අද එත් වැඩිය හොඳ නෑ,Bad
හිත සතුටෙන් ඉන්නවා,Happy
අද වැඩේ වැරදුණා… ටීචර් මට කෝප වුණා,Bad
උදේ වැඩට ගිහිං සවස ගෙදර ආවා.,Normal
අද කාලය විශේෂයක් නැහැව ගියා.,Normal
අද දවසේ වැඩ ටික හරි ලෙස සිදු වුණා.,Normal
අද යාළුවෝ මාව එක්ක සෙල්ලම් කළේ නෑ. මට දුකයි,Bad
අද සිංහල පාඩම සාමාන්යයි.,Normal
යූටියුබ් එකේ වීඩියෝ දෙක තුනක් බැලුවා.,Normal
නෑ සාමාන්‍ය පන්ති තිබුණා,Normal
අද මම සතුටින් හිටියා,Happy
රැකියාවෙනවාදී මට වැටුප් වැඩිවීමක් ලැබුණා මම ඊයේ උදේ මගේ ඇගයීම සඳහා ගිහින් පැය කිහිපයකට පෙර නැවත ඇසුවෙනවා,Happy
අද පන්තිය සාමාන්ය ලෙස පැවැත්විණි.,Normal
හිතුවෙවත් නැති විදියට අද මට මුදල් අහිමි වුණා,Bad
මම යාළු වෙන්න හිටපු ගෑනු ළමයා වෙන පිරිමි ළමයෙක් එක්ක දැන් යාළු වෙලා. මට හරිම දුකයි,Bad
අද ගෙදර පොඩි සලස්වීම් කළා.,Normal
අද කාලය ඉක්මනින් ගෙවුණා.,Normal
අද උදේ මම මගේ දරුවා පාසලට ඇරලා දීලා උදේ ආහාරයත් හදා ගත්තා,Happy
අද කිසිම විශේෂ සිද්ධියක් වුණේ නෑ.,Normal
ප්රතිකාරය හරි යයි අද ඒක විනාඩි විස්ස් ප්රමාදයි පිස්,Bad
අද කැන්ටින් එකේ කෑම සාමාන්යයි.,Normal
මට තෑග්ගක් ලැබුණා සතුටුයි,Happy
ජරාව පුද්ගලිකව මගුලක් ලෙස ගන්න,Bad
මට හරිම සතුටක් දැනෙනවා,Happy
අද මයි සුපුනුයි අතර ඉස්කෝලේදී පොඩි අවුලක් වුණා. ඒක ගහගන්න තරම් දුරටම ගියා,Bad
ඒක මගේ විද්යාලයේ වාර්ෂික උත්සවයක් වූ අතර ඒක සිත් ඇදගන්නාසුළු වෙනවාදිකා සංදර්ශන රාශියක් සහිත විශාල හා විශ්මය ජනක සිදුවීමක් වුණා,Happy
නෑ නිකන් පන්ති තිබුණා විතරයි,Normal
අද පොතක් කියවලා ටිකක් ඉඳලා හිටියා.,Normal
මම යාලු වෙන්න හිටපු ගෑනු ළමයා වෙන පිරිමි ළමයෙක් එක්ක දැන් යාලු වෙලා මට හරිම දුකයි,Bad
මම ක්රීඩා සමාජයට ගිහිං ධාවන ව්යායාම කළා. ඒ නිසා මට හරිම නැවුම් සතුටක් දැනුණා.,Happy
මගේ හොඳම මිතුරාගේ උපන්දින සාදය,Happy
උදේ ජිම් එකට ගියාම මට හොඳටම දැනෙනවා,Happy
අද යාලුවා මට පොඩි දේකට බැන්නා මට හරිම කනගාටුයි,Bad
මම ක්රීඩා කරමින් හිටියා බහු ක්රීඩක වීඩියෝ ක්රීඩාවෙන් මම ජයග්රහණය කළා,Happy
මගේ බල්ලා මම ඇයට ඉගැන්වීමට උත්සාහ කළා නව උපක්රමයක් ඉගෙන ගන්නා බව පෙනේ,Happy
නිකන් ඉන්න වගේ දැනෙනවා,Normal
අද හිත සන්සුන්.,Normal
සතය්යා ඔබ්ව නෛධස කරනාඋ එාත් නමඋත් පලමඋව් එාය් ඔබ්ව අාවුල් කාරායෛ,Bad
අද සංගීතය ටිකක් අහලා හිටියා.,Normal
අලුත් වට්ටෝරුවක් උත්සාහ කරමින් ලස්සන රාත්රී භෝජන සංග්රහයක් පිසූ අතර ඒක ඉතා රසවත් වුණා,Happy
සතුටින් ඉන්නවා,Happy
සමහර වෙලාවට මට මැරෙන්න ඕන,Bad
හිත හරිම බිඳිලා වගේ,Bad
බාලඅ සෛතින්ං නමඋත් හාඅණ්ඩ් කසිව්ක පඑමිණෙන්නේ නෙත්,Bad
පෙළ මතද සමාජ දුරස්ථභාවය ආරම්භ කරන්න සිදුවෙනවා,Bad
මගේ යාළුවා අද මට වැඩේ කරන්න උදව් කළේ නෑ අන්තිමේ මම තනියම කළා හරිම අමාරුයි,Bad
ටීචර් මට බැන්නා… මට දැන් කිසිම දෙයක් කරන්න හිතක් නෑ,Bad
නින්ද නොයාම,Bad
ඇය ඇගේ සියලූ ගැටලූ සිනහවක් පිටුපස සඟවා ඇගේ සිනහව පිටුපස වේදනාවෙනවා ලෝකයක් වෙනවා ඔබ ඇයව හඳුනනවා කියලා හිතන නමුත් ඔබට ඇත්තටම අදහසක් නැහැ,Bad
අද ගෙදර වැඩ ටික කළා.,Normal
යාළුවා එක්ක අද කලින් ඉඳන් තිබුණ ප්‍රශ්නයක් තව වැඩි වුණා. මට හිතට අමාරුයි,Bad
අද වැඩ ටික ලේසිව කරගත්තා.,Normal
මම විහිළු වීඩියෝවක් බැලුවා සතුටුයි,Happy
නැහැ අද හොඳ දවසක්,Happy
මම ඇත්තටම වාසනාවන්ත වූ අතර හර්ත්ස්ටෝන් වීඩියෝ ක්රීඩාව හි මා සතුව තිබූ හොඳම තට්ටුව විය හැකියිි,Happy
අද හිතුවේ නැති විදියට මට කොළඹ යන්න වුනා එත් වැඩිය මට විශේෂ වුනේ නෑ,Normal
මම ජීවත් වන්නේ කුමක් ද කියලා හෝ හුස්ම ගන්නේ කුමක් ද කියලා මම නොදන්නේ නැහැ,Bad
මගේ යාළුවා අද මට කෙල්ලෙක් ගැන කුණු කතා කිව්වා හරිම තරහයි,Bad
අද පන්තියේ group work ටිකක් තිබුණා.,Normal
මට ක්රෙඩිට් කාඩ්පතකින් මුදල් ආපසු ගෙවීමේ චෙක්පතක් තැපෑලෙන් ලැබුණි,Happy
මම ඔබට කරදර කරන්නේ නම් මට කියන්න සහ මම ඔබව තනි කරන්නම් මන්දා යමෙක් ඔබේ සමාගම භුක්ති විඳිනවාද නැද්ද යන්න ගැන සැකයක් නැහැ නිසා,Bad
හිතන් හිටිය ප්‍රමාණයට වඩා වියදම් වුණා,Bad
මම කොලොම්බියාවට ගුවන් යානයක් වෙන් කරවා ගත්තා,Happy
මම ෆ්ලොරිඩාවට මගේ නිවාඩුව සැලසුම් කරද්දී මට සතුටක් දැනුණා,Happy
මට දැන් දැනෙන විදියට මමත් මැරිලා තියෙනවා,Bad
මම හැමෝටම ඉන්න හැටි මොකුත් වෙන්න එපා,Bad
මට අවශ්ය ඉතිරි චිත්රපට මම නැරඹුවෙනවා,Happy
අද school bell එකෙන් පස්සේ ගියා.,Normal
යාලුවා අද මට උදව් කරේ නෑ එයාට බාරයි කියලා මට හිතේ නෑ,Bad
මම අල්ලපු ගෙදර මිනිහට වෛර කරනවා,Bad
මට අඛණ්ඩව පැය දහයක් නිදාගන්න ලැබුණා සතුටුයි,Happy
මගේ හොඳම යාලුවා අද වෙන අයගේ පැත්තට ගියා මට තනිකම දැනෙනවා,Bad
අද වැඩ ටිකක් පිරිසිදුව කරා.,Normal
මට යමෙකු අවශ්ය වූ විට සෑම විටම කිසිවෙක් නැහැ,Bad
පැයක වැඩකට ඩොලර් සැණ්රක් උපයන්න මට පුළුවන් වෙලා තියෙනවා,Happy
මිදි සහ බාබකියු පොප්චිප් මම හිතන්නේ එහෙමයි,Bad
නෑ නෑ සාමාන්‍යයි,Normal
අවසානයේ මට වට්ටම් කූපනයක් ලැබුණා ඒක භාවිත කරලා අවශ්ය බඩු මිලදී ගත්තා,Happy
මම මගේ යාළුවොත් එක්ක ජිම් එකට ගිහින් හොඳට ව්යායාම කළා,Happy
මම මගේ මිතුරා ෆ්ලොරිඩාවෙනවා ඩෙටෝනා බීච් වෙත ගියා,Happy
අද අමාරුත් නෑ සතුටුත් නෑ.,Normal
පැණි ජූස් එකක් බීලා හිටියා.,Normal
හිතට සතුටක්,Happy
මම අලුත් පිස්තෝලයක් මිල දී ගෙන ඒක පරාසයට ගෙන ගියා,Happy
අද කම්මැලි හිතෙනවා,Normal
අද විශේෂ දෙයක් නෑ.,Normal
මම බර අඩු කරගන්න උත්සාහ කළා සතුටුයි,Happy
කාලගුණය සාමාන්යම වගේමයි.,Normal
කම්මැලි හින්දා කිසිම දෙයක් කළේ නෑ,Normal
හරිම හොඳ දවසක් හිටියා,Happy
ඔව් යාළුවෝ එක්ක හොඳින් සෙල්ලම් කළා,Happy
අද කාලය සරලව ගෙවුණා.,Normal
මට අහිමි වීම ගැන සතුටු වන එකම අවස්ථාව මැරෙන්න,Bad
මගේ හොඳම යාළුවා අද මට තරහා වුණා. ඒකට මට හරිම කණගාටුයි,Bad
අද පොදු සේවා නිතර වගේමයි.,Normal
මට ඒ ජරාවට අසනීපයි,Bad
ඔවුන් කියනවා මගේ වේදනාව ඔවුන්ට තේරෙනවා නමුත් අවංකවම ඔවුන් ගණන් ගන්නේ නැහැ,Bad
ඒඅය් වුණා යෞතු නමා් ඒඅය් වුණා හඑකි හඅ වුණා හඑකි දඑ ගෙං අාව්ධාර්ණය නෞක්රනං,Bad
අද උදේ අම්මත් එක්ක හිනාවෙලා විහිළු කරන එක මට සතුටක් ගෙනාවා,Happy
හොඳ දවසක් නොවෙනවා,Bad
මම තවදුරටත් ගණන් ගන්නේ නැහැ,Bad
අනපේක්ෂිත ලෙස ගොඩක් මුදල් ගියා,Bad
ඔබ තවමත් හිතන්නේ ඒක විහිළුවක් බවයි,Bad
අද ගෙදරම හිටියා.,Normal
අද නිකන් ඉන්නවා,Normal
එත් හිතට දුකයි,Bad
ඔබ මට කරදර කරන තුරු මම තියෙනවා්තෙන්ම ලස්සනයි,Bad
යාළුවා අද මට උදව් කරේ නෑ. එයාට බාරයි කියලා මට හිතේ නෑ,Bad
අද කාර්යාලයේ දවස සාමාන්යයි.,Normal
නිකන් ගෙදර හිටියා,Normal
අන්තිමට මගේ බල්ලා රවට්ටලා මට නාන්න දෙන්න කියලා මිහිරි සුවඳැති බලු පැටියා හොඳම ය,Happy
දැන් හිත සරලයි,Normal
අද උදේ මම වැඩමුළුවකට සම්බන්ධ වුණා ඒකෙන් මට සතුටු හිතුණා,Happy
මම ඒක පෞද්ගලිකව ගන්නේ නැහැ මම කියනවා පෞද්ගලිකව ගන්නවා,Bad
